date,date_start,date_end,date_middle,sample_size,party,total,male,female,age_18_34,age_35_54,age_55,class_abc1,class_c2de,region_dublin,region_leinster_rest,region_munster,region_connacht_ulster
2017-11-26,2017-11-20,2017-11-24,2017-11-22,1004,Fianna Fáil,0.26,0.26,0.26,0.16,0.25,0.33,0.22,0.3,0.17,0.38,0.23,0.29
2017-11-26,2017-11-20,2017-11-24,2017-11-22,1004,Fine Gael,0.27,0.22,0.33,0.24,0.26,0.31,0.28,0.24,0.22,0.32,0.28,0.27
2017-11-26,2017-11-20,2017-11-24,2017-11-22,1004,Green Party,0.04,0.05,0.02,0.04,0.05,0.01,0.05,0.02,0.06,0.01,0.05,0.02
2017-11-26,2017-11-20,2017-11-24,2017-11-22,1004,Independents for Change,0.04,0.04,0.04,0.03,0.04,0.05,0.03,0.04,0.05,0.01,0.06,0.02
2017-11-26,2017-11-20,2017-11-24,2017-11-22,1004,Labour,0.06,0.07,0.04,0.06,0.06,0.05,0.08,0.04,0.06,0.06,0.08,0.01
2017-11-26,2017-11-20,2017-11-24,2017-11-22,1004,Other,0.1,0.09,0.11,0.08,0.1,0.12,0.1,0.09,0.06,0.08,0.13,0.14
2017-11-26,2017-11-20,2017-11-24,2017-11-22,1004,Renua,0.01,0.01,0.01,0,0.01,0.01,0.02,0,0.01,0,0,0.03
2017-11-26,2017-11-20,2017-11-24,2017-11-22,1004,Sinn Féin,0.16,0.19,0.13,0.19,0.19,0.11,0.12,0.22,0.23,0.11,0.1,0.21
2017-11-26,2017-11-20,2017-11-24,2017-11-22,1004,Social Democrats,0.03,0.03,0.03,0.1,0.01,0.01,0.05,0.02,0.06,0.02,0.04,0
2017-11-26,2017-11-20,2017-11-24,2017-11-22,1004,Solidarity/PBP,0.03,0.04,0.03,0.1,0.03,0,0.05,0.03,0.08,0.01,0.03,0.01
2019-01-24,2019-01-17,2019-01-24,2019-01-20,1000,Fianna Fáil,0.22,0.22,0.22,0.19,0.2,0.25,0.21,0.24,0.2,0.19,0.23,0.29
2019-01-24,2019-01-17,2019-01-24,2019-01-20,1000,Fine Gael,0.32,0.31,0.33,0.24,0.32,0.35,0.35,0.26,0.37,0.35,0.3,0.23
2019-01-24,2019-01-17,2019-01-24,2019-01-20,1000,Green Party,0.03,0.02,0.03,0.05,0.02,0.02,0.04,0.01,0.06,0.01,0.01,0.02
2019-01-24,2019-01-17,2019-01-24,2019-01-20,1000,Independents,0.14,0.13,0.15,0.09,0.16,0.15,0.11,0.18,0.08,0.11,0.19,0.2
2019-01-24,2019-01-17,2019-01-24,2019-01-20,1000,Independents for Change,0.05,0.06,0.03,0.03,0.05,0.06,0.03,0.05,0.03,0.06,0.05,0.05
2019-01-24,2019-01-17,2019-01-24,2019-01-20,1000,Labour,0.06,0.06,0.07,0.09,0.07,0.05,0.07,0.07,0.05,0.08,0.06,0.06
2019-01-24,2019-01-17,2019-01-24,2019-01-20,1000,Other,0.01,0.01,0.01,0,0.01,0.02,0.01,0.01,0,0.01,0.01,0
2019-01-24,2019-01-17,2019-01-24,2019-01-20,1000,Renua,0,0.01,0,0,0,0.01,0,0,0,0,0.01,0
2019-01-24,2019-01-17,2019-01-24,2019-01-20,1000,Sinn Féin,0.13,0.14,0.12,0.21,0.14,0.07,0.12,0.14,0.11,0.16,0.13,0.11
2019-01-24,2019-01-17,2019-01-24,2019-01-20,1000,Social Democrats,0.02,0.03,0.02,0.06,0.02,0.01,0.03,0.03,0.06,0.01,0,0.04
2019-01-24,2019-01-17,2019-01-24,2019-01-20,1000,Solidarity/PBP,0.02,0.01,0.02,0.04,0.01,0.01,0.03,0.01,0.04,0.02,0.01,0
2019-02-20,2019-02-14,2019-02-20,2019-02-17,1000,Aontú,0,0,0,0,0,0,0,0,0,0,0,0.01
2019-02-20,2019-02-14,2019-02-20,2019-02-17,1000,Fianna Fáil,0.24,0.23,0.26,0.2,0.19,0.33,0.2,0.26,0.14,0.28,0.31,0.25
2019-02-20,2019-02-14,2019-02-20,2019-02-17,1000,Fine Gael,0.31,0.31,0.31,0.22,0.33,0.33,0.38,0.22,0.31,0.3,0.29,0.34
2019-02-20,2019-02-14,2019-02-20,2019-02-17,1000,Green Party,0.02,0.02,0.03,0.02,0.03,0.02,0.03,0.03,0.03,0.01,0.03,0.02
2019-02-20,2019-02-14,2019-02-20,2019-02-17,1000,Independents,0.15,0.14,0.16,0.17,0.17,0.12,0.17,0.14,0.12,0.11,0.21,0.17
2019-02-20,2019-02-14,2019-02-20,2019-02-17,1000,Independents for Change,0.02,0.02,0.02,0.01,0.03,0.02,0.03,0.02,0.02,0.01,0.02,0.05
2019-02-20,2019-02-14,2019-02-20,2019-02-17,1000,Labour,0.05,0.07,0.02,0.06,0.03,0.05,0.06,0.04,0.08,0.07,0.02,0
2019-02-20,2019-02-14,2019-02-20,2019-02-17,1000,Renua,0,0,0.01,0,0.01,0,0.01,0,0.01,0,0,0
2019-02-20,2019-02-14,2019-02-20,2019-02-17,1000,Sinn Féin,0.18,0.18,0.17,0.27,0.19,0.12,0.09,0.28,0.24,0.19,0.11,0.15
2019-02-20,2019-02-14,2019-02-20,2019-02-17,1000,Social Democrats,0.02,0.02,0.02,0.04,0.01,0,0.02,0.01,0.04,0.01,0.01,0.01
2019-02-20,2019-02-14,2019-02-20,2019-02-17,1000,Solidarity/PBP,0.01,0.01,0,0.01,0.01,0.01,0.01,0,0.01,0.02,0,0
2019-03-28,2019-03-21,2019-03-28,2019-03-24,1000,Aontú,0,0,0.01,0,0.01,0,0,0.01,0,0,0,0.02
2019-03-28,2019-03-21,2019-03-28,2019-03-24,1000,Fianna Fáil,0.25,0.24,0.26,0.18,0.23,0.3,0.24,0.25,0.2,0.29,0.25,0.26
2019-03-28,2019-03-21,2019-03-28,2019-03-24,1000,Fine Gael,0.31,0.35,0.27,0.2,0.27,0.41,0.29,0.31,0.29,0.34,0.26,0.37
2019-03-28,2019-03-21,2019-03-28,2019-03-24,1000,Green Party,0.03,0.01,0.06,0.02,0.06,0.01,0.06,0.01,0.02,0.01,0.08,0
2019-03-28,2019-03-21,2019-03-28,2019-03-24,1000,Independents,0.15,0.15,0.15,0.28,0.13,0.1,0.16,0.14,0.16,0.1,0.16,0.19
2019-03-28,2019-03-21,2019-03-28,2019-03-24,1000,Independents for Change,0.03,0.04,0.03,0,0.06,0.03,0.02,0.05,0.02,0.05,0.04,0.01
2019-03-28,2019-03-21,2019-03-28,2019-03-24,1000,Labour,0.05,0.04,0.06,0.07,0.04,0.05,0.04,0.06,0.07,0.07,0.03,0.03
2019-03-28,2019-03-21,2019-03-28,2019-03-24,1000,Other,0,0,0,0,0,0,0,0,0.01,0,0,0
2019-03-28,2019-03-21,2019-03-28,2019-03-24,1000,Renua,0,0,0,0.01,0,0,0,0,0,0,0,0.01
2019-03-28,2019-03-21,2019-03-28,2019-03-24,1000,Sinn Féin,0.13,0.14,0.11,0.15,0.14,0.09,0.12,0.14,0.14,0.12,0.13,0.11
2019-03-28,2019-03-21,2019-03-28,2019-03-24,1000,Social Democrats,0.03,0.03,0.02,0.05,0.04,0.01,0.05,0.01,0.07,0.02,0.02,0
2019-03-28,2019-03-21,2019-03-28,2019-03-24,1000,Solidarity/PBP,0.02,0,0.03,0.04,0.02,0,0.02,0.02,0.02,0,0.03,0
2019-04-17,2019-04-11,2019-04-17,2019-04-14,1000,Aontú,0.01,0.02,0,0,0.01,0.01,0.02,0,0.02,0,0.01,0
2019-04-17,2019-04-11,2019-04-17,2019-04-14,1000,Fianna Fáil,0.23,0.21,0.24,0.12,0.19,0.32,0.23,0.21,0.12,0.29,0.28,0.21
2019-04-17,2019-04-11,2019-04-17,2019-04-14,1000,Fine Gael,0.33,0.36,0.3,0.38,0.31,0.34,0.34,0.31,0.37,0.34,0.23,0.41
2019-04-17,2019-04-11,2019-04-17,2019-04-14,1000,Green Party,0.03,0.02,0.04,0.03,0.04,0.02,0.02,0.04,0.06,0.02,0.03,0.02
2019-04-17,2019-04-11,2019-04-17,2019-04-14,1000,Independents,0.16,0.13,0.18,0.18,0.17,0.13,0.15,0.18,0.14,0.11,0.18,0.23
2019-04-17,2019-04-11,2019-04-17,2019-04-14,1000,Independents for Change,0.02,0.02,0.02,0.01,0.03,0.03,0.03,0.02,0.04,0.01,0.02,0.01
2019-04-17,2019-04-11,2019-04-17,2019-04-14,1000,Labour,0.05,0.04,0.05,0.05,0.03,0.06,0.04,0.04,0.06,0.05,0.04,0.02
2019-04-17,2019-04-11,2019-04-17,2019-04-14,1000,Other,0,0.01,0,0,0,0.01,0,0.01,0.01,0,0,0
2019-04-17,2019-04-11,2019-04-17,2019-04-14,1000,Renua,0,0.01,0,0.01,0,0,0,0,0,0.01,0,0
2019-04-17,2019-04-11,2019-04-17,2019-04-14,1000,Sinn Féin,0.14,0.15,0.13,0.19,0.17,0.08,0.12,0.17,0.13,0.12,0.2,0.1
2019-04-17,2019-04-11,2019-04-17,2019-04-14,1000,Social Democrats,0.02,0.03,0.02,0.01,0.04,0,0.03,0.02,0.05,0.02,0.01,0
2019-04-17,2019-04-11,2019-04-17,2019-04-14,1000,Solidarity/PBP,0.01,0,0.02,0.02,0.01,0,0.02,0,0,0.03,0,0
2019-05-16,2019-05-09,2019-05-16,2019-05-12,2000,Aontú,0.02,0.02,0.02,0,0.02,0.02,0.02,0.01,0.01,0.01,0.01,0.05
2019-05-16,2019-05-09,2019-05-16,2019-05-12,2000,Fianna Fáil,0.24,0.23,0.25,0.17,0.23,0.29,0.24,0.23,0.17,0.26,0.25,0.29
2019-05-16,2019-05-09,2019-05-16,2019-05-12,2000,Fine Gael,0.28,0.28,0.27,0.25,0.21,0.34,0.31,0.22,0.26,0.28,0.29,0.27
2019-05-16,2019-05-09,2019-05-16,2019-05-12,2000,Green Party,0.07,0.08,0.06,0.1,0.08,0.04,0.09,0.05,0.12,0.05,0.06,0.03
2019-05-16,2019-05-09,2019-05-16,2019-05-12,2000,Independents,0.14,0.13,0.16,0.12,0.16,0.15,0.13,0.14,0.14,0.12,0.17,0.14
2019-05-16,2019-05-09,2019-05-16,2019-05-12,2000,Independents for Change,0.02,0.02,0.01,0.03,0.01,0.02,0.01,0.03,0.02,0.02,0.02,0.03
2019-05-16,2019-05-09,2019-05-16,2019-05-12,2000,Labour,0.05,0.05,0.05,0.06,0.05,0.04,0.04,0.06,0.06,0.05,0.05,0.02
2019-05-16,2019-05-09,2019-05-16,2019-05-12,2000,Sinn Féin,0.13,0.14,0.12,0.17,0.16,0.08,0.08,0.2,0.12,0.15,0.13,0.12
2019-05-16,2019-05-09,2019-05-16,2019-05-12,2000,Social Democrats,0.02,0.03,0.02,0.05,0.03,0.01,0.04,0.02,0.04,0.01,0.02,0.02
2019-05-16,2019-05-09,2019-05-16,2019-05-12,2000,Solidarity/PBP,0.02,0.02,0.03,0.04,0.04,0,0.03,0.03,0.05,0.02,0,0.03
2019-09-12,2019-09-05,2019-09-12,2019-09-08,1000,Aontú,0,0,0,0,0.01,0,0,0,0,0,0,0.01
2019-09-12,2019-09-05,2019-09-12,2019-09-08,1000,Fianna Fáil,0.28,0.29,0.26,0.22,0.26,0.32,0.28,0.26,0.16,0.31,0.3,0.35
2019-09-12,2019-09-05,2019-09-12,2019-09-08,1000,Fine Gael,0.29,0.31,0.28,0.23,0.29,0.33,0.31,0.25,0.27,0.31,0.35,0.22
2019-09-12,2019-09-05,2019-09-12,2019-09-08,1000,Green Party,0.07,0.05,0.09,0.16,0.07,0.03,0.06,0.08,0.12,0.07,0.03,0.07
2019-09-12,2019-09-05,2019-09-12,2019-09-08,1000,Independents,0.13,0.14,0.12,0.1,0.16,0.11,0.12,0.15,0.12,0.13,0.15,0.11
2019-09-12,2019-09-05,2019-09-12,2019-09-08,1000,Independents for Change,0.03,0.03,0.03,0.01,0.03,0.04,0.04,0.03,0.05,0.02,0.02,0.04
2019-09-12,2019-09-05,2019-09-12,2019-09-08,1000,Labour,0.06,0.05,0.07,0.06,0.06,0.06,0.09,0.04,0.08,0.05,0.09,0.01
2019-09-12,2019-09-05,2019-09-12,2019-09-08,1000,Other,0,0,0,0,0.01,0,0,0,0,0,0,0.01
2019-09-12,2019-09-05,2019-09-12,2019-09-08,1000,Renua,0,0.01,0,0,0,0.01,0.01,0,0.01,0,0,0
2019-09-12,2019-09-05,2019-09-12,2019-09-08,1000,Sinn Féin,0.12,0.09,0.13,0.17,0.11,0.09,0.06,0.17,0.15,0.11,0.05,0.17
2019-09-12,2019-09-05,2019-09-12,2019-09-08,1000,Solidarity/PBP,0.01,0.01,0.01,0.04,0,0,0.02,0.01,0.03,0,0.01,0
2019-10-24,2019-10-17,2019-10-24,2019-10-20,1000,Aontú,0.01,0.03,0,0.04,0,0.01,0.03,0.01,0.04,0,0,0.01
2019-10-24,2019-10-17,2019-10-24,2019-10-20,1000,Fianna Fáil,0.24,0.26,0.23,0.2,0.23,0.3,0.2,0.28,0.14,0.28,0.3,0.26
2019-10-24,2019-10-17,2019-10-24,2019-10-20,1000,Fine Gael,0.32,0.31,0.32,0.24,0.3,0.39,0.35,0.29,0.28,0.34,0.31,0.34
2019-10-24,2019-10-17,2019-10-24,2019-10-20,1000,Green Party,0.07,0.07,0.08,0.13,0.07,0.03,0.12,0.04,0.09,0.07,0.08,0.04
2019-10-24,2019-10-17,2019-10-24,2019-10-20,1000,Independents,0.13,0.1,0.16,0.11,0.14,0.13,0.11,0.13,0.11,0.14,0.12,0.18
2019-10-24,2019-10-17,2019-10-24,2019-10-20,1000,Independents for Change,0.04,0.03,0.05,0.03,0.04,0.03,0.04,0.04,0.04,0.03,0.05,0.03
2019-10-24,2019-10-17,2019-10-24,2019-10-20,1000,Labour,0.04,0.04,0.03,0.05,0.04,0.03,0.03,0.04,0.07,0.03,0.03,0.02
2019-10-24,2019-10-17,2019-10-24,2019-10-20,1000,Other,0.01,0.01,0,0.01,0.01,0,0,0.02,0.02,0,0,0
2019-10-24,2019-10-17,2019-10-24,2019-10-20,1000,Renua,0,0,0,0,0,0,0,0,0,0,0,0
2019-10-24,2019-10-17,2019-10-24,2019-10-20,1000,Sinn Féin,0.11,0.11,0.1,0.15,0.14,0.04,0.07,0.13,0.13,0.08,0.1,0.11
2019-10-24,2019-10-17,2019-10-24,2019-10-20,1000,Social Democrats,0.02,0.03,0.01,0.02,0.02,0.01,0.03,0.01,0.03,0.02,0,0
2019-10-24,2019-10-17,2019-10-24,2019-10-20,1000,Solidarity/PBP,0.01,0.01,0.02,0.02,0.01,0.02,0.02,0.01,0.04,0.01,0.01,0.01
2019-11-21,2019-11-14,2019-11-21,2019-11-17,1000,Aontú,0.01,0.02,0.01,0,0,0.03,0.03,0,0.01,0.04,0,0
2019-11-21,2019-11-14,2019-11-21,2019-11-17,1000,Fianna Fáil,0.24,0.27,0.21,0.17,0.24,0.28,0.2,0.25,0.12,0.28,0.31,0.27
2019-11-21,2019-11-14,2019-11-21,2019-11-17,1000,Fine Gael,0.3,0.27,0.32,0.12,0.27,0.4,0.29,0.28,0.29,0.27,0.3,0.34
2019-11-21,2019-11-14,2019-11-21,2019-11-17,1000,Green Party,0.07,0.05,0.09,0.17,0.06,0.03,0.11,0.05,0.11,0.03,0.08,0.05
2019-11-21,2019-11-14,2019-11-21,2019-11-17,1000,Independents,0.12,0.12,0.12,0.16,0.14,0.09,0.11,0.13,0.13,0.09,0.14,0.11
2019-11-21,2019-11-14,2019-11-21,2019-11-17,1000,Independents for Change,0.04,0.05,0.03,0.07,0.04,0.03,0.04,0.04,0.04,0.03,0.04,0.06
2019-11-21,2019-11-14,2019-11-21,2019-11-17,1000,Labour,0.06,0.05,0.07,0.02,0.07,0.08,0.08,0.05,0.09,0.07,0.05,0.03
2019-11-21,2019-11-14,2019-11-21,2019-11-17,1000,Other,0.01,0.02,0.01,0.04,0,0,0.01,0.02,0.02,0,0,0.02
2019-11-21,2019-11-14,2019-11-21,2019-11-17,1000,Renua,0,0,0,0,0,0,0,0,0,0,0,0
2019-11-21,2019-11-14,2019-11-21,2019-11-17,1000,Sinn Féin,0.11,0.12,0.1,0.22,0.13,0.04,0.07,0.15,0.11,0.16,0.07,0.11
2019-11-21,2019-11-14,2019-11-21,2019-11-17,1000,Social Democrats,0.02,0.02,0.02,0.02,0.03,0.01,0.03,0.02,0.06,0.01,0,0
2019-11-21,2019-11-14,2019-11-21,2019-11-17,1000,Solidarity/PBP,0.02,0.01,0.02,0.01,0.02,0.01,0.03,0.01,0.02,0.02,0.01,0
2020-01-26,2020-01-16,2020-01-22,2020-01-19,1000,Aontú,0.01,0.01,0.01,0.02,0,0,0.01,0.01,0,0.01,0,0.02
2020-01-26,2020-01-16,2020-01-22,2020-01-19,1000,Fianna Fáil,0.26,0.27,0.24,0.13,0.25,0.34,0.21,0.28,0.22,0.33,0.24,0.25
2020-01-26,2020-01-16,2020-01-22,2020-01-19,1000,Fine Gael,0.23,0.23,0.22,0.14,0.23,0.28,0.21,0.23,0.18,0.21,0.26,0.29
2020-01-26,2020-01-16,2020-01-22,2020-01-19,1000,Green Party,0.08,0.08,0.08,0.12,0.09,0.04,0.09,0.07,0.1,0.05,0.1,0.05
2020-01-26,2020-01-16,2020-01-22,2020-01-19,1000,Independents,0.14,0.14,0.15,0.07,0.15,0.2,0.17,0.12,0.08,0.14,0.19,0.22
2020-01-26,2020-01-16,2020-01-22,2020-01-19,1000,Labour,0.04,0.06,0.03,0.06,0.05,0.03,0.05,0.04,0.08,0.05,0.02,0
2020-01-26,2020-01-16,2020-01-22,2020-01-19,1000,Other,0,0,0,0,0,0,0,0,0,0,0,0
2020-01-26,2020-01-16,2020-01-22,2020-01-19,1000,Renua,0,0,0,0,0,0,0,0,0,0,0,0
2020-01-26,2020-01-16,2020-01-22,2020-01-19,1000,Sinn Féin,0.19,0.16,0.22,0.35,0.19,0.08,0.17,0.22,0.22,0.21,0.17,0.12
2020-01-26,2020-01-16,2020-01-22,2020-01-19,1000,Social Democrats,0.03,0.02,0.04,0.07,0.02,0.01,0.04,0.02,0.06,0,0,0.04
2020-01-26,2020-01-16,2020-01-22,2020-01-19,1000,Solidarity/PBP,0.02,0.03,0.01,0.04,0.02,0.02,0.05,0.01,0.06,0,0.02,0.01
2020-02-02,2020-01-25,2020-01-30,2020-01-27,1000,Aontú,0.02,0.03,0.02,0.01,0.02,0.04,0.05,0.01,0,0.03,0.04,0.02
2020-02-02,2020-01-25,2020-01-30,2020-01-27,1000,Fianna Fáil,0.24,0.24,0.24,0.18,0.19,0.32,0.22,0.23,0.19,0.26,0.27,0.23
2020-02-02,2020-01-25,2020-01-30,2020-01-27,1000,Fine Gael,0.21,0.2,0.22,0.15,0.18,0.27,0.22,0.18,0.19,0.25,0.18,0.2
2020-02-02,2020-01-25,2020-01-30,2020-01-27,1000,Green Party,0.07,0.05,0.1,0.12,0.07,0.05,0.09,0.06,0.14,0.05,0.06,0.02
2020-02-02,2020-01-25,2020-01-30,2020-01-27,1000,Independents,0.12,0.11,0.13,0.08,0.14,0.13,0.12,0.14,0.09,0.08,0.16,0.18
2020-02-02,2020-01-25,2020-01-30,2020-01-27,1000,Labour,0.05,0.05,0.05,0.04,0.05,0.06,0.06,0.05,0.05,0.06,0.07,0.01
2020-02-02,2020-01-25,2020-01-30,2020-01-27,1000,Other,0.01,0.02,0,0.01,0.01,0,0.01,0.01,0.01,0.02,0,0
2020-02-02,2020-01-25,2020-01-30,2020-01-27,1000,Sinn Féin,0.24,0.27,0.2,0.35,0.29,0.11,0.19,0.29,0.27,0.2,0.21,0.29
2020-02-02,2020-01-25,2020-01-30,2020-01-27,1000,Social Democrats,0.03,0.02,0.03,0.04,0.03,0.01,0.03,0.02,0.03,0.04,0,0.04
2020-02-02,2020-01-25,2020-01-30,2020-01-27,1000,Solidarity/PBP,0.01,0.01,0.01,0.02,0.02,0.01,0.01,0.01,0.03,0.01,0.01,0.01
2020-03-29,2020-03-20,2020-03-25,2020-03-22,1000,Aontú,0.02,0.02,0.02,0.03,0.01,0.02,0.01,0.02,0.01,0.03,0,0.03
2020-03-29,2020-03-20,2020-03-25,2020-03-22,1000,Fianna Fáil,0.18,0.2,0.16,0.19,0.12,0.24,0.18,0.18,0.09,0.22,0.26,0.15
2020-03-29,2020-03-20,2020-03-25,2020-03-22,1000,Fine Gael,0.34,0.32,0.37,0.21,0.35,0.43,0.4,0.25,0.38,0.4,0.27,0.32
2020-03-29,2020-03-20,2020-03-25,2020-03-22,1000,Green Party,0.05,0.04,0.05,0.11,0.03,0.03,0.09,0.01,0.1,0.02,0.05,0.02
2020-03-29,2020-03-20,2020-03-25,2020-03-22,1000,Independents,0.05,0.06,0.05,0.03,0.07,0.05,0.04,0.06,0.03,0.02,0.09,0.07
2020-03-29,2020-03-20,2020-03-25,2020-03-22,1000,Labour,0.03,0.04,0.01,0.02,0.03,0.02,0.02,0.03,0.03,0.03,0.02,0
2020-03-29,2020-03-20,2020-03-25,2020-03-22,1000,Sinn Féin,0.28,0.27,0.29,0.32,0.34,0.19,0.18,0.41,0.28,0.23,0.27,0.38
2020-03-29,2020-03-20,2020-03-25,2020-03-22,1000,Social Democrats,0.03,0.03,0.02,0.04,0.02,0.02,0.05,0.01,0.03,0.03,0.02,0.02
2020-03-29,2020-03-20,2020-03-25,2020-03-22,1000,Solidarity/PBP,0.02,0.02,0.03,0.05,0.03,0,0.03,0.03,0.05,0.02,0.02,0.01
2020-05-03,2020-04-23,2020-04-29,2020-04-26,1000,Aontú,0.01,0.02,0.01,0.01,0.01,0.01,0.02,0.01,0.01,0.01,0.01,0.02
2020-05-03,2020-04-23,2020-04-29,2020-04-26,1000,Fianna Fáil,0.14,0.15,0.14,0.12,0.11,0.18,0.13,0.14,0.08,0.17,0.19,0.11
2020-05-03,2020-04-23,2020-04-29,2020-04-26,1000,Fine Gael,0.35,0.33,0.36,0.31,0.33,0.4,0.41,0.25,0.4,0.33,0.27,0.42
2020-05-03,2020-04-23,2020-04-29,2020-04-26,1000,Green Party,0.06,0.06,0.06,0.1,0.05,0.04,0.09,0.02,0.09,0.02,0.07,0.03
2020-05-03,2020-04-23,2020-04-29,2020-04-26,1000,Independents,0.08,0.08,0.08,0.07,0.08,0.09,0.05,0.11,0.07,0.06,0.11,0.1
2020-05-03,2020-04-23,2020-04-29,2020-04-26,1000,Labour,0.03,0.04,0.01,0.03,0.03,0.03,0.04,0.03,0.04,0.04,0.03,0
2020-05-03,2020-04-23,2020-04-29,2020-04-26,1000,Renua,0.01,0.01,0,0,0.01,0.01,0.01,0,0.02,0,0.01,0
2020-05-03,2020-04-23,2020-04-29,2020-04-26,1000,Sinn Féin,0.27,0.26,0.29,0.28,0.34,0.2,0.18,0.4,0.25,0.31,0.26,0.27
2020-05-03,2020-04-23,2020-04-29,2020-04-26,1000,Social Democrats,0.03,0.03,0.03,0.06,0.03,0.02,0.05,0.02,0.02,0.05,0.02,0.04
2020-05-03,2020-04-23,2020-04-29,2020-04-26,1000,Solidarity/PBP,0.02,0.01,0.02,0.02,0.01,0.02,0.02,0.02,0.02,0.01,0.03,0.01
2020-10-25,2020-10-24,2020-10-24,2020-10-24,1000,Aontú,0.02,0.02,0.01,0.03,0.01,0.02,0.01,0.02,0.01,0.03,0,0.04
2020-10-25,2020-10-24,2020-10-24,2020-10-24,1000,Fianna Fáil,0.11,0.11,0.11,0.08,0.1,0.14,0.12,0.1,0.07,0.13,0.15,0.09
2020-10-25,2020-10-24,2020-10-24,2020-10-24,1000,Fine Gael,0.37,0.33,0.42,0.29,0.36,0.45,0.45,0.27,0.36,0.37,0.35,0.44
2020-10-25,2020-10-24,2020-10-24,2020-10-24,1000,Green Party,0.06,0.06,0.06,0.11,0.02,0.06,0.08,0.04,0.09,0.05,0.02,0.04
2020-10-25,2020-10-24,2020-10-24,2020-10-24,1000,Independents,0.08,0.07,0.1,0.04,0.09,0.1,0.05,0.11,0.06,0.05,0.13,0.1
2020-10-25,2020-10-24,2020-10-24,2020-10-24,1000,Labour,0.03,0.03,0.01,0.03,0.03,0.02,0.02,0.03,0.06,0.02,0.01,0
2020-10-25,2020-10-24,2020-10-24,2020-10-24,1000,Other,0.01,0.02,0.01,0,0.03,0.01,0.01,0.01,0.02,0.01,0.01,0.01
2020-10-25,2020-10-24,2020-10-24,2020-10-24,1000,Sinn Féin,0.27,0.3,0.23,0.31,0.33,0.16,0.21,0.34,0.27,0.27,0.26,0.26
2020-10-25,2020-10-24,2020-10-24,2020-10-24,1000,Social Democrats,0.03,0.03,0.03,0.06,0.02,0.02,0.04,0.03,0.04,0.05,0.01,0.01
2020-10-25,2020-10-24,2020-10-24,2020-10-24,1000,Solidarity/PBP,0.02,0.03,0.02,0.05,0.01,0.02,0.01,0.05,0.02,0.02,0.03,0.01
2020-11-29,2020-11-19,2020-11-25,2020-11-22,1000,Aontú,0.02,0.02,0.02,0.02,0.01,0.02,0.02,0.01,0.02,0.02,0.03,0.02
2020-11-29,2020-11-19,2020-11-25,2020-11-22,1000,Fianna Fáil,0.16,0.17,0.14,0.15,0.12,0.2,0.16,0.14,0.15,0.17,0.18,0.12
2020-11-29,2020-11-19,2020-11-25,2020-11-22,1000,Fine Gael,0.29,0.3,0.29,0.23,0.25,0.38,0.34,0.23,0.29,0.37,0.19,0.34
2020-11-29,2020-11-19,2020-11-25,2020-11-22,1000,Green Party,0.05,0.06,0.05,0.07,0.06,0.03,0.06,0.04,0.07,0.04,0.06,0.03
2020-11-29,2020-11-19,2020-11-25,2020-11-22,1000,Independents,0.1,0.08,0.13,0.06,0.14,0.1,0.07,0.13,0.09,0.06,0.14,0.12
2020-11-29,2020-11-19,2020-11-25,2020-11-22,1000,Labour,0.03,0.03,0.02,0.01,0.03,0.04,0.02,0.04,0.04,0.03,0.03,0
2020-11-29,2020-11-19,2020-11-25,2020-11-22,1000,Sinn Féin,0.27,0.25,0.28,0.31,0.32,0.19,0.22,0.34,0.23,0.23,0.31,0.31
2020-11-29,2020-11-19,2020-11-25,2020-11-22,1000,Social Democrats,0.05,0.05,0.05,0.1,0.04,0.02,0.07,0.04,0.06,0.05,0.04,0.04
2020-11-29,2020-11-19,2020-11-25,2020-11-22,1000,Solidarity/PBP,0.03,0.03,0.02,0.05,0.02,0.02,0.03,0.03,0.04,0.03,0.02,0.02
2021-02-28,2021-02-18,2021-02-25,2021-02-21,1000,Aontú,0.02,0.02,0.01,0.01,0.01,0.02,0.01,0.02,0,0.02,0.01,0.04
2021-02-28,2021-02-18,2021-02-25,2021-02-21,1000,Fianna Fáil,0.13,0.15,0.12,0.1,0.09,0.2,0.12,0.12,0.09,0.16,0.19,0.06
2021-02-28,2021-02-18,2021-02-25,2021-02-21,1000,Fine Gael,0.29,0.3,0.28,0.22,0.28,0.35,0.38,0.21,0.36,0.28,0.27,0.22
2021-02-28,2021-02-18,2021-02-25,2021-02-21,1000,Green Party,0.03,0.02,0.04,0.05,0.03,0.02,0.03,0.04,0.03,0.06,0.02,0.02
2021-02-28,2021-02-18,2021-02-25,2021-02-21,1000,Independents,0.12,0.11,0.14,0.08,0.13,0.14,0.11,0.12,0.08,0.11,0.15,0.16
2021-02-28,2021-02-18,2021-02-25,2021-02-21,1000,Labour,0.04,0.05,0.02,0.05,0.02,0.05,0.05,0.04,0.07,0.03,0.02,0.03
2021-02-28,2021-02-18,2021-02-25,2021-02-21,1000,Sinn Féin,0.26,0.27,0.31,0.36,0.36,0.18,0.22,0.37,0.29,0.25,0.27,0.39
2021-02-28,2021-02-18,2021-02-25,2021-02-21,1000,Social Democrats,0.06,0.05,0.06,0.1,0.05,0.03,0.07,0.04,0.05,0.07,0.04,0.07
2021-02-28,2021-02-18,2021-02-25,2021-02-21,1000,Solidarity/PBP,0.02,0.02,0.02,0.03,0.02,0.01,0.02,0.03,0.03,0.01,0.02,0.01
2021-03-28,2021-03-19,2021-03-25,2021-03-22,1000,Aontú,0.02,0.03,0.02,0.03,0.01,0.04,0.01,0.03,0.02,0.06,0.01,0.02
2021-03-28,2021-03-19,2021-03-25,2021-03-22,1000,Fianna Fáil,0.11,0.1,0.12,0.07,0.1,0.14,0.13,0.09,0.08,0.15,0.11,0.08
2021-03-28,2021-03-19,2021-03-25,2021-03-22,1000,Fine Gael,0.3,0.29,0.31,0.26,0.28,0.34,0.37,0.19,0.3,0.33,0.25,0.32
2021-03-28,2021-03-19,2021-03-25,2021-03-22,1000,Green Party,0.05,0.05,0.05,0.08,0.03,0.04,0.06,0.04,0.06,0.04,0.05,0.03
2021-03-28,2021-03-19,2021-03-25,2021-03-22,1000,Independents,0.11,0.09,0.13,0.05,0.13,0.13,0.07,0.14,0.09,0.07,0.15,0.13
2021-03-28,2021-03-19,2021-03-25,2021-03-22,1000,Labour,0.04,0.04,0.02,0.03,0.03,0.04,0.04,0.03,0.04,0.04,0.04,0.01
2021-03-28,2021-03-19,2021-03-25,2021-03-22,1000,Sinn Féin,0.29,0.3,0.28,0.33,0.33,0.23,0.22,0.4,0.3,0.23,0.3,0.36
2021-03-28,2021-03-19,2021-03-25,2021-03-22,1000,Social Democrats,0.05,0.05,0.05,0.09,0.05,0.03,0.07,0.02,0.08,0.03,0.06,0.02
2021-03-28,2021-03-19,2021-03-25,2021-03-22,1000,Solidarity/PBP,0.02,0.03,0.01,0.04,0.02,0.01,0.01,0.03,0.03,0.02,0.02,0.02
2021-04-25,2021-04-16,2021-04-23,2021-04-19,1000,Aontú,0.02,0.02,0.01,0.04,0.01,0.01,0.02,0.01,0.01,0.02,0.01,0.04
2021-04-25,2021-04-16,2021-04-23,2021-04-19,1000,Fianna Fáil,0.13,0.13,0.13,0.12,0.1,0.17,0.13,0.12,0.1,0.18,0.14,0.1
2021-04-25,2021-04-16,2021-04-23,2021-04-19,1000,Fine Gael,0.3,0.32,0.28,0.22,0.28,0.38,0.37,0.22,0.35,0.28,0.27,0.29
2021-04-25,2021-04-16,2021-04-23,2021-04-19,1000,Green Party,0.04,0.03,0.04,0.06,0.03,0.03,0.06,0.03,0.06,0.03,0.04,0.02
2021-04-25,2021-04-16,2021-04-23,2021-04-19,1000,Independents,0.11,0.11,0.11,0.06,0.13,0.11,0.11,0.11,0.07,0.08,0.14,0.16
2021-04-25,2021-04-16,2021-04-23,2021-04-19,1000,Labour,0.05,0.06,0.05,0.06,0.04,0.06,0.06,0.05,0.08,0.05,0.05,0.02
2021-04-25,2021-04-16,2021-04-23,2021-04-19,1000,Sinn Féin,0.27,0.24,0.31,0.32,0.32,0.2,0.16,0.39,0.23,0.28,0.3,0.29
2021-04-25,2021-04-16,2021-04-23,2021-04-19,1000,Social Democrats,0.05,0.06,0.05,0.1,0.04,0.02,0.06,0.03,0.06,0.06,0.03,0.06
2021-04-25,2021-04-16,2021-04-23,2021-04-19,1000,Solidarity/PBP,0.02,0.02,0.02,0.02,0.03,0.02,0.02,0.02,0.02,0.02,0.02,0.02
2021-05-30,2021-05-21,2021-05-26,2021-05-23,1000,Aontú,0.02,0.02,0.02,0.01,0.01,0.03,0.02,0.01,0.02,0.02,0.01,0.03
2021-05-30,2021-05-21,2021-05-26,2021-05-23,1000,Fianna Fáil,0.14,0.14,0.14,0.16,0.07,0.19,0.13,0.13,0.1,0.17,0.14,0.15
2021-05-30,2021-05-21,2021-05-26,2021-05-23,1000,Fine Gael,0.29,0.27,0.32,0.22,0.25,0.39,0.35,0.22,0.31,0.3,0.26,0.32
2021-05-30,2021-05-21,2021-05-26,2021-05-23,1000,Green Party,0.05,0.05,0.05,0.09,0.05,0.03,0.07,0.04,0.09,0.06,0.03,0.01
2021-05-30,2021-05-21,2021-05-26,2021-05-23,1000,Independents,0.1,0.1,0.11,0.04,0.13,0.11,0.09,0.12,0.09,0.08,0.12,0.11
2021-05-30,2021-05-21,2021-05-26,2021-05-23,1000,Labour,0.03,0.04,0.02,0.04,0.03,0.03,0.04,0.03,0.02,0.04,0.04,0.02
2021-05-30,2021-05-21,2021-05-26,2021-05-23,1000,Sinn Féin,0.29,0.31,0.25,0.31,0.36,0.18,0.2,0.39,0.26,0.23,0.33,0.34
2021-05-30,2021-05-21,2021-05-26,2021-05-23,1000,Social Democrats,0.05,0.03,0.07,0.07,0.06,0.03,0.07,0.03,0.08,0.07,0.03,0.01
2021-05-30,2021-05-21,2021-05-26,2021-05-23,1000,Solidarity/PBP,0.03,0.02,0.02,0.04,0.03,0.01,0.02,0.03,0.03,0.02,0.03,0.01
2021-06-27,2021-06-18,2021-06-24,2021-06-21,1000,Aontú,0.02,0.02,0.02,0.04,0.02,0.02,0.01,0.02,0.02,0.02,0.02,0.03
2021-06-27,2021-06-18,2021-06-24,2021-06-21,1000,Fianna Fáil,0.13,0.14,0.12,0.1,0.15,0.13,0.2,0.08,0.12,0.14,0.15,0.1
2021-06-27,2021-06-18,2021-06-24,2021-06-21,1000,Fine Gael,0.3,0.28,0.31,0.16,0.26,0.41,0.34,0.22,0.33,0.33,0.22,0.29
2021-06-27,2021-06-18,2021-06-24,2021-06-21,1000,Green Party,0.05,0.04,0.06,0.09,0.03,0.04,0.07,0.04,0.08,0.04,0.04,0.03
2021-06-27,2021-06-18,2021-06-24,2021-06-21,1000,Independents,0.11,0.11,0.11,0.07,0.14,0.11,0.08,0.14,0.07,0.07,0.18,0.14
2021-06-27,2021-06-18,2021-06-24,2021-06-21,1000,Labour,0.03,0.03,0.04,0.03,0.03,0.04,0.04,0.03,0.05,0.04,0.02,0.02
2021-06-27,2021-06-18,2021-06-24,2021-06-21,1000,Sinn Féin,0.29,0.29,0.28,0.44,0.28,0.19,0.18,0.4,0.25,0.29,0.31,0.31
2021-06-27,2021-06-18,2021-06-24,2021-06-21,1000,Social Democrats,0.04,0.05,0.03,0.05,0.05,0.04,0.05,0.03,0.04,0.04,0.04,0.04
2021-06-27,2021-06-18,2021-06-24,2021-06-21,1000,Solidarity/PBP,0.02,0.02,0.02,0.01,0.02,0.02,0.02,0.02,0.02,0.03,0.01,0.02
2021-09-12,2021-09-04,2021-09-10,2021-09-07,1031,Aontú,0.02,0.02,0.02,0.02,0.01,0.02,0.02,0.02,0.02,0.02,0.01,0.04
2021-09-12,2021-09-04,2021-09-10,2021-09-07,1031,Fianna Fáil,0.13,0.14,0.12,0.15,0.1,0.14,0.13,0.11,0.08,0.13,0.15,0.15
2021-09-12,2021-09-04,2021-09-10,2021-09-07,1031,Fine Gael,0.28,0.3,0.27,0.17,0.24,0.41,0.33,0.21,0.31,0.3,0.26,0.27
2021-09-12,2021-09-04,2021-09-10,2021-09-07,1031,Green Party,0.04,0.04,0.05,0.06,0.04,0.04,0.06,0.03,0.06,0.06,0.03,0.02
2021-09-12,2021-09-04,2021-09-10,2021-09-07,1031,Independents,0.1,0.07,0.13,0.07,0.1,0.11,0.07,0.12,0.06,0.07,0.13,0.14
2021-09-12,2021-09-04,2021-09-10,2021-09-07,1031,Labour,0.05,0.07,0.04,0.08,0.06,0.04,0.06,0.05,0.07,0.07,0.04,0.02
2021-09-12,2021-09-04,2021-09-10,2021-09-07,1031,Sinn Féin,0.29,0.29,0.29,0.29,0.38,0.2,0.23,0.39,0.27,0.29,0.3,0.32
2021-09-12,2021-09-04,2021-09-10,2021-09-07,1031,Social Democrats,0.05,0.04,0.05,0.08,0.04,0.03,0.07,0.03,0.07,0.04,0.05,0.02
2021-09-12,2021-09-04,2021-09-10,2021-09-07,1031,Solidarity/PBP,0.03,0.03,0.03,0.07,0.02,0.01,0.03,0.03,0.06,0.01,0.02,0.02
2021-10-24,2021-10-16,2021-10-22,2021-10-19,1031,Aontú,0.02,0.02,0.02,0.03,0.01,0.03,0.03,0.01,0.03,0.02,0.01,0.02
2021-10-24,2021-10-16,2021-10-22,2021-10-19,1031,Fianna Fáil,0.12,0.11,0.13,0.13,0.07,0.16,0.15,0.09,0.12,0.12,0.13,0.09
2021-10-24,2021-10-16,2021-10-22,2021-10-19,1031,Fine Gael,0.25,0.23,0.27,0.14,0.25,0.34,0.29,0.19,0.27,0.25,0.23,0.25
2021-10-24,2021-10-16,2021-10-22,2021-10-19,1031,Green Party,0.04,0.05,0.03,0.09,0.03,0.02,0.07,0.02,0.05,0.05,0.04,0.02
2021-10-24,2021-10-16,2021-10-22,2021-10-19,1031,Independents,0.09,0.1,0.08,0.07,0.1,0.09,0.07,0.11,0.07,0.06,0.1,0.15
2021-10-24,2021-10-16,2021-10-22,2021-10-19,1031,Labour,0.05,0.07,0.03,0.06,0.04,0.05,0.06,0.05,0.07,0.07,0.04,0.02
2021-10-24,2021-10-16,2021-10-22,2021-10-19,1031,Sinn Féin,0.33,0.32,0.35,0.34,0.42,0.25,0.2,0.48,0.25,0.34,0.38,0.39
2021-10-24,2021-10-16,2021-10-22,2021-10-19,1031,Social Democrats,0.06,0.06,0.05,0.08,0.05,0.04,0.09,0.02,0.07,0.06,0.05,0.03
2021-10-24,2021-10-16,2021-10-22,2021-10-19,1031,Solidarity/PBP,0.03,0.03,0.03,0.05,0.02,0.02,0.03,0.03,0.06,0.02,0.01,0.02
2021-11-28,2021-11-19,2021-11-25,2021-11-22,1001,Aontú,0.02,0.01,0.02,0.01,0.01,0.02,0.01,0.02,0.01,0.01,0.01,0.03
2021-11-28,2021-11-19,2021-11-25,2021-11-22,1001,Fianna Fáil,0.15,0.15,0.15,0.12,0.15,0.18,0.2,0.1,0.13,0.17,0.17,0.12
2021-11-28,2021-11-19,2021-11-25,2021-11-22,1001,Fine Gael,0.22,0.21,0.22,0.15,0.19,0.28,0.24,0.17,0.23,0.19,0.22,0.21
2021-11-28,2021-11-19,2021-11-25,2021-11-22,1001,Green Party,0.05,0.05,0.06,0.09,0.03,0.05,0.05,0.05,0.08,0.07,0.03,0.02
2021-11-28,2021-11-19,2021-11-25,2021-11-22,1001,Independents,0.11,0.11,0.11,0.1,0.11,0.12,0.1,0.11,0.07,0.1,0.14,0.14
2021-11-28,2021-11-19,2021-11-25,2021-11-22,1001,Labour,0.04,0.05,0.04,0.04,0.04,0.05,0.04,0.05,0.06,0.05,0.05,0.02
2021-11-28,2021-11-19,2021-11-25,2021-11-22,1001,Sinn Féin,0.33,0.33,0.33,0.36,0.4,0.24,0.24,0.44,0.29,0.34,0.32,0.4
2021-11-28,2021-11-19,2021-11-25,2021-11-22,1001,Social Democrats,0.05,0.04,0.06,0.08,0.04,0.05,0.07,0.03,0.08,0.06,0.03,0.02
2021-11-28,2021-11-19,2021-11-25,2021-11-22,1001,Solidarity/PBP,0.02,0.03,0.01,0.04,0.02,0.01,0.03,0.02,0.04,0.01,0.02,0.02
2022-01-30,2022-01-21,2022-01-26,2022-01-23,1001,Aontú,0.02,0.02,0.02,0.01,0.01,0.03,0.02,0.02,0.03,0.02,0.01,0.02
2022-01-30,2022-01-21,2022-01-26,2022-01-23,1001,Fianna Fáil,0.15,0.15,0.15,0.19,0.12,0.16,0.16,0.11,0.1,0.15,0.2,0.15
2022-01-30,2022-01-21,2022-01-26,2022-01-23,1001,Fine Gael,0.21,0.18,0.23,0.1,0.22,0.26,0.27,0.14,0.21,0.23,0.17,0.22
2022-01-30,2022-01-21,2022-01-26,2022-01-23,1001,Green Party,0.06,0.06,0.07,0.12,0.03,0.06,0.1,0.03,0.1,0.07,0.05,0.02
2022-01-30,2022-01-21,2022-01-26,2022-01-23,1001,Independents,0.11,0.13,0.1,0.06,0.12,0.14,0.11,0.12,0.1,0.11,0.13,0.1
2022-01-30,2022-01-21,2022-01-26,2022-01-23,1001,Labour,0.04,0.05,0.03,0.04,0.04,0.05,0.05,0.04,0.05,0.04,0.04,0.03
2022-01-30,2022-01-21,2022-01-26,2022-01-23,1001,Sinn Féin,0.33,0.33,0.32,0.35,0.38,0.25,0.21,0.47,0.29,0.3,0.33,0.42
2022-01-30,2022-01-21,2022-01-26,2022-01-23,1001,Social Democrats,0.05,0.04,0.06,0.1,0.04,0.03,0.06,0.03,0.07,0.05,0.04,0.03
2022-01-30,2022-01-21,2022-01-26,2022-01-23,1001,Solidarity/PBP,0.02,0.02,0.02,0.03,0.02,0.02,0.02,0.02,0.03,0.02,0.02,0
2022-02-27,2022-02-18,2022-02-23,2022-02-20,1001,Aontú,0.02,0.03,0.01,0.03,0.02,0.01,0.02,0.02,0,0.05,0.02,0.01
2022-02-27,2022-02-18,2022-02-23,2022-02-20,1001,Fianna Fáil,0.17,0.17,0.17,0.15,0.14,0.22,0.21,0.12,0.15,0.2,0.2,0.12
2022-02-27,2022-02-18,2022-02-23,2022-02-20,1001,Fine Gael,0.2,0.17,0.23,0.1,0.18,0.28,0.21,0.17,0.22,0.18,0.2,0.2
2022-02-27,2022-02-18,2022-02-23,2022-02-20,1001,Green Party,0.05,0.05,0.05,0.07,0.05,0.05,0.07,0.04,0.08,0.04,0.05,0.04
2022-02-27,2022-02-18,2022-02-23,2022-02-20,1001,Independents,0.11,0.13,0.09,0.1,0.12,0.11,0.09,0.12,0.05,0.08,0.17,0.18
2022-02-27,2022-02-18,2022-02-23,2022-02-20,1001,Labour,0.04,0.04,0.04,0.06,0.02,0.04,0.05,0.04,0.07,0.04,0.02,0.01
2022-02-27,2022-02-18,2022-02-23,2022-02-20,1001,Sinn Féin,0.33,0.32,0.34,0.37,0.4,0.23,0.24,0.44,0.3,0.36,0.3,0.38
2022-02-27,2022-02-18,2022-02-23,2022-02-20,1001,Social Democrats,0.04,0.03,0.04,0.07,0.01,0.05,0.06,0.02,0.07,0.04,0.02,0.01
2022-02-27,2022-02-18,2022-02-23,2022-02-20,1001,Solidarity/PBP,0.03,0.03,0.02,0.04,0.03,0.01,0.03,0.02,0.04,0,0.02,0.04
2022-03-27,2022-03-18,2022-03-23,2022-03-20,1001,Aontú,0.02,0.03,0.01,0.03,0.02,0.02,0.02,0.01,0.02,0.04,0.01,0.01
2022-03-27,2022-03-18,2022-03-23,2022-03-20,1001,Fianna Fáil,0.16,0.17,0.15,0.17,0.12,0.19,0.17,0.14,0.12,0.19,0.19,0.13
2022-03-27,2022-03-18,2022-03-23,2022-03-20,1001,Fine Gael,0.19,0.18,0.2,0.12,0.14,0.28,0.24,0.13,0.19,0.23,0.15,0.18
2022-03-27,2022-03-18,2022-03-23,2022-03-20,1001,Green Party,0.05,0.05,0.06,0.1,0.04,0.04,0.08,0.03,0.09,0.05,0.03,0.03
2022-03-27,2022-03-18,2022-03-23,2022-03-20,1001,Independents,0.11,0.11,0.11,0.07,0.14,0.11,0.09,0.13,0.06,0.06,0.19,0.16
2022-03-27,2022-03-18,2022-03-23,2022-03-20,1001,Labour,0.05,0.05,0.05,0.06,0.03,0.06,0.05,0.06,0.06,0.06,0.04,0.02
2022-03-27,2022-03-18,2022-03-23,2022-03-20,1001,Sinn Féin,0.33,0.33,0.33,0.32,0.42,0.25,0.27,0.41,0.3,0.32,0.33,0.4
2022-03-27,2022-03-18,2022-03-23,2022-03-20,1001,Social Democrats,0.05,0.04,0.06,0.09,0.04,0.03,0.06,0.04,0.11,0.04,0.02,0.02
2022-03-27,2022-03-18,2022-03-23,2022-03-20,1001,Solidarity/PBP,0.03,0.03,0.03,0.04,0.03,0.02,0.02,0.04,0.04,0.01,0.03,0.03
2022-05-01,2022-04-22,2022-04-27,2022-04-24,1014,Aontú,0.02,0.02,0.03,0.02,0.03,0.03,0.02,0.03,0.02,0.02,0.02,0.05
2022-05-01,2022-04-22,2022-04-27,2022-04-24,1014,Fianna Fáil,0.16,0.16,0.15,0.12,0.13,0.21,0.19,0.12,0.13,0.19,0.18,0.12
2022-05-01,2022-04-22,2022-04-27,2022-04-24,1014,Fine Gael,0.21,0.2,0.23,0.17,0.15,0.29,0.27,0.15,0.25,0.21,0.17,0.2
2022-05-01,2022-04-22,2022-04-27,2022-04-24,1014,Green Party,0.04,0.04,0.04,0.07,0.03,0.04,0.06,0.03,0.06,0.05,0.03,0.02
2022-05-01,2022-04-22,2022-04-27,2022-04-24,1014,Independents,0.11,0.1,0.12,0.08,0.13,0.11,0.09,0.11,0.06,0.07,0.14,0.2
2022-05-01,2022-04-22,2022-04-27,2022-04-24,1014,Labour,0.04,0.04,0.03,0.04,0.03,0.05,0.04,0.04,0.06,0.05,0.03,0.01
2022-05-01,2022-04-22,2022-04-27,2022-04-24,1014,Sinn Féin,0.34,0.36,0.32,0.36,0.42,0.22,0.22,0.46,0.29,0.34,0.36,0.36
2022-05-01,2022-04-22,2022-04-27,2022-04-24,1014,Social Democrats,0.05,0.06,0.05,0.1,0.06,0.02,0.08,0.03,0.09,0.05,0.04,0.03
2022-05-01,2022-04-22,2022-04-27,2022-04-24,1014,Solidarity/PBP,0.03,0.02,0.03,0.04,0.02,0.03,0.03,0.03,0.04,0.02,0.03,0.01
2022-05-29,2022-05-20,2022-05-25,2022-05-22,1002,Aontú,0.02,0.02,0.02,0.02,0.02,0.03,0.03,0.02,0.03,0.02,0.01,0.05
2022-05-29,2022-05-20,2022-05-25,2022-05-22,1002,Fianna Fáil,0.15,0.15,0.15,0.14,0.12,0.18,0.14,0.14,0.11,0.16,0.19,0.11
2022-05-29,2022-05-20,2022-05-25,2022-05-22,1002,Fine Gael,0.2,0.18,0.24,0.13,0.16,0.3,0.26,0.13,0.22,0.22,0.17,0.22
2022-05-29,2022-05-20,2022-05-25,2022-05-22,1002,Green Party,0.05,0.03,0.06,0.1,0.03,0.03,0.07,0.03,0.07,0.03,0.05,0.02
2022-05-29,2022-05-20,2022-05-25,2022-05-22,1002,Independents,0.11,0.1,0.12,0.08,0.13,0.12,0.1,0.13,0.09,0.08,0.14,0.15
2022-05-29,2022-05-20,2022-05-25,2022-05-22,1002,Labour,0.03,0.03,0.03,0.04,0.03,0.03,0.04,0.03,0.04,0.04,0.03,0.01
2022-05-29,2022-05-20,2022-05-25,2022-05-22,1002,Sinn Féin,0.36,0.41,0.31,0.4,0.43,0.26,0.27,0.44,0.32,0.39,0.35,0.39
2022-05-29,2022-05-20,2022-05-25,2022-05-22,1002,Social Democrats,0.04,0.03,0.04,0.05,0.04,0.02,0.05,0.03,0.04,0.05,0.03,0.02
2022-05-29,2022-05-20,2022-05-25,2022-05-22,1002,Solidarity/PBP,0.03,0.02,0.03,0.03,0.03,0.02,0.02,0.03,0.04,0.01,0.03,0.02
2022-06-26,2022-06-17,2022-06-22,2022-06-19,1004,Aontú,0.03,0.03,0.02,0.02,0.01,0.05,0.02,0.03,0.03,0.02,0.02,0.06
2022-06-26,2022-06-17,2022-06-22,2022-06-19,1004,Fianna Fáil,0.14,0.13,0.15,0.15,0.1,0.17,0.14,0.12,0.11,0.16,0.17,0.11
2022-06-26,2022-06-17,2022-06-22,2022-06-19,1004,Fine Gael,0.19,0.2,0.19,0.15,0.15,0.27,0.25,0.14,0.22,0.21,0.17,0.17
2022-06-26,2022-06-17,2022-06-22,2022-06-19,1004,Green Party,0.04,0.05,0.04,0.07,0.03,0.04,0.07,0.02,0.07,0.03,0.05,0.02
2022-06-26,2022-06-17,2022-06-22,2022-06-19,1004,Independents,0.12,0.1,0.14,0.09,0.13,0.13,0.12,0.13,0.1,0.09,0.14,0.18
2022-06-26,2022-06-17,2022-06-22,2022-06-19,1004,Labour,0.03,0.04,0.03,0.01,0.03,0.05,0.02,0.04,0.05,0.03,0.03,0
2022-06-26,2022-06-17,2022-06-22,2022-06-19,1004,Sinn Féin,0.36,0.37,0.35,0.36,0.47,0.24,0.29,0.44,0.3,0.4,0.36,0.42
2022-06-26,2022-06-17,2022-06-22,2022-06-19,1004,Social Democrats,0.04,0.03,0.04,0.07,0.03,0.02,0.05,0.03,0.07,0.02,0.02,0.02
2022-06-26,2022-06-17,2022-06-22,2022-06-19,1004,Solidarity/PBP,0.04,0.04,0.04,0.07,0.03,0.02,0.04,0.04,0.06,0.04,0.02,0.01
2022-09-11,2022-09-01,2022-09-06,2022-09-03,1004,Aontú,0.02,0.02,0.02,0.02,0.01,0.03,0.02,0.03,0.01,0.03,0,0.05
2022-09-11,2022-09-01,2022-09-06,2022-09-03,1004,Fianna Fáil,0.17,0.18,0.16,0.16,0.13,0.22,0.19,0.14,0.16,0.21,0.2,0.07
2022-09-11,2022-09-01,2022-09-06,2022-09-03,1004,Fine Gael,0.18,0.18,0.17,0.14,0.15,0.23,0.21,0.13,0.18,0.18,0.14,0.25
2022-09-11,2022-09-01,2022-09-06,2022-09-03,1004,Green Party,0.05,0.05,0.04,0.08,0.05,0.03,0.08,0.02,0.1,0.01,0.05,0.03
2022-09-11,2022-09-01,2022-09-06,2022-09-03,1004,Independents,0.12,0.11,0.13,0.07,0.15,0.13,0.09,0.16,0.09,0.12,0.15,0.12
2022-09-11,2022-09-01,2022-09-06,2022-09-03,1004,Labour,0.04,0.04,0.04,0.06,0.02,0.05,0.04,0.04,0.04,0.06,0.04,0.01
2022-09-11,2022-09-01,2022-09-06,2022-09-03,1004,Sinn Féin,0.35,0.34,0.38,0.35,0.42,0.27,0.29,0.42,0.31,0.34,0.35,0.42
2022-09-11,2022-09-01,2022-09-06,2022-09-03,1004,Social Democrats,0.04,0.05,0.03,0.07,0.04,0.02,0.06,0.02,0.06,0.03,0.04,0.03
2022-09-11,2022-09-01,2022-09-06,2022-09-03,1004,Solidarity/PBP,0.03,0.03,0.03,0.05,0.03,0.02,0.02,0.04,0.05,0.02,0.03,0.02
2022-10-30,2022-10-21,2022-10-27,2022-10-24,1004,Aontú,0.01,0.02,0.01,0.01,0.01,0.02,0.02,0.01,0.02,0.01,0.01,0.01
2022-10-30,2022-10-21,2022-10-27,2022-10-24,1004,Fianna Fáil,0.16,0.14,0.17,0.12,0.12,0.22,0.18,0.14,0.13,0.2,0.18,0.12
2022-10-30,2022-10-21,2022-10-27,2022-10-24,1004,Fine Gael,0.21,0.21,0.21,0.16,0.18,0.28,0.23,0.17,0.21,0.2,0.2,0.27
2022-10-30,2022-10-21,2022-10-27,2022-10-24,1004,Green Party,0.04,0.05,0.03,0.09,0.02,0.02,0.06,0.02,0.07,0.02,0.03,0.02
2022-10-30,2022-10-21,2022-10-27,2022-10-24,1004,Independents,0.11,0.11,0.11,0.04,0.16,0.1,0.09,0.12,0.06,0.08,0.18,0.14
2022-10-30,2022-10-21,2022-10-27,2022-10-24,1004,Labour,0.04,0.05,0.03,0.05,0.03,0.05,0.05,0.04,0.06,0.05,0.02,0.02
2022-10-30,2022-10-21,2022-10-27,2022-10-24,1004,Sinn Féin,0.35,0.35,0.35,0.44,0.38,0.27,0.28,0.44,0.33,0.38,0.32,0.4
2022-10-30,2022-10-21,2022-10-27,2022-10-24,1004,Social Democrats,0.04,0.04,0.04,0.05,0.06,0.02,0.06,0.02,0.05,0.04,0.03,0.02
2022-10-30,2022-10-21,2022-10-27,2022-10-24,1004,Solidarity/PBP,0.03,0.01,0.04,0.03,0.03,0.02,0.02,0.04,0.06,0.01,0.02,0
2022-11-27,2022-11-18,2022-11-23,2022-11-20,1004,Aontú,0.02,0.02,0.02,0.02,0.02,0.02,0.02,0.02,0.01,0.02,0.01,0.07
2022-11-27,2022-11-18,2022-11-23,2022-11-20,1004,Fianna Fáil,0.15,0.2,0.11,0.12,0.11,0.22,0.16,0.14,0.12,0.19,0.17,0.11
2022-11-27,2022-11-18,2022-11-23,2022-11-20,1004,Fine Gael,0.24,0.2,0.28,0.16,0.22,0.3,0.29,0.16,0.25,0.3,0.21,0.16
2022-11-27,2022-11-18,2022-11-23,2022-11-20,1004,Green Party,0.05,0.05,0.04,0.09,0.02,0.04,0.08,0.02,0.06,0.04,0.05,0.03
2022-11-27,2022-11-18,2022-11-23,2022-11-20,1004,Independents,0.11,0.1,0.13,0.1,0.15,0.09,0.09,0.13,0.08,0.09,0.14,0.17
2022-11-27,2022-11-18,2022-11-23,2022-11-20,1004,Labour,0.04,0.05,0.03,0.04,0.04,0.05,0.04,0.05,0.04,0.05,0.06,0.01
2022-11-27,2022-11-18,2022-11-23,2022-11-20,1004,Sinn Féin,0.31,0.31,0.31,0.37,0.35,0.23,0.25,0.4,0.32,0.27,0.3,0.38
2022-11-27,2022-11-18,2022-11-23,2022-11-20,1004,Social Democrats,0.04,0.04,0.04,0.04,0.06,0.02,0.05,0.03,0.05,0.03,0.04,0.02
2022-11-27,2022-11-18,2022-11-23,2022-11-20,1004,Solidarity/PBP,0.03,0.03,0.03,0.05,0.03,0.02,0.02,0.04,0.06,0.01,0.03,0.01
2023-01-29,2023-01-20,2023-01-25,2023-01-22,1004,Aontú,0.02,0.01,0.04,0.02,0.02,0.03,0.03,0.02,0.03,0.02,0.02,0.01
2023-01-29,2023-01-20,2023-01-25,2023-01-22,1004,Fianna Fáil,0.15,0.15,0.15,0.13,0.16,0.15,0.19,0.11,0.1,0.16,0.2,0.12
2023-01-29,2023-01-20,2023-01-25,2023-01-22,1004,Fine Gael,0.21,0.24,0.19,0.16,0.15,0.31,0.21,0.18,0.22,0.19,0.18,0.26
2023-01-29,2023-01-20,2023-01-25,2023-01-22,1004,Green Party,0.04,0.05,0.04,0.06,0.02,0.05,0.07,0.02,0.07,0.02,0.04,0.02
2023-01-29,2023-01-20,2023-01-25,2023-01-22,1004,Independents,0.11,0.08,0.13,0.07,0.15,0.09,0.09,0.12,0.04,0.09,0.16,0.16
2023-01-29,2023-01-20,2023-01-25,2023-01-22,1004,Labour,0.04,0.04,0.04,0.03,0.05,0.04,0.04,0.04,0.05,0.06,0.03,0.01
2023-01-29,2023-01-20,2023-01-25,2023-01-22,1004,Sinn Féin,0.33,0.33,0.33,0.38,0.36,0.27,0.23,0.45,0.28,0.4,0.3,0.37
2023-01-29,2023-01-20,2023-01-25,2023-01-22,1004,Social Democrats,0.06,0.06,0.06,0.09,0.06,0.04,0.09,0.03,0.11,0.04,0.04,0.04
2023-01-29,2023-01-20,2023-01-25,2023-01-22,1004,Solidarity/PBP,0.03,0.03,0.02,0.05,0.02,0.02,0.04,0.02,0.06,0.01,0.02,0.01
2023-02-26,2023-02-17,2023-02-22,2023-02-19,998,Aontú,0.02,0.02,0.01,0.02,0.02,0.02,0.02,0.02,0.01,0.01,0.02,0.05
2023-02-26,2023-02-17,2023-02-22,2023-02-19,998,Fianna Fáil,0.17,0.2,0.14,0.19,0.11,0.21,0.15,0.15,0.11,0.21,0.2,0.14
2023-02-26,2023-02-17,2023-02-22,2023-02-19,998,Fine Gael,0.21,0.2,0.23,0.13,0.18,0.3,0.29,0.13,0.22,0.28,0.15,0.2
2023-02-26,2023-02-17,2023-02-22,2023-02-19,998,Green Party,0.04,0.04,0.04,0.06,0.04,0.03,0.07,0.02,0.05,0.04,0.04,0.03
2023-02-26,2023-02-17,2023-02-22,2023-02-19,998,Independents,0.13,0.13,0.14,0.09,0.18,0.12,0.12,0.17,0.12,0.1,0.15,0.19
2023-02-26,2023-02-17,2023-02-22,2023-02-19,998,Labour,0.04,0.04,0.04,0.06,0.02,0.04,0.04,0.04,0.04,0.05,0.03,0.01
2023-02-26,2023-02-17,2023-02-22,2023-02-19,998,Sinn Féin,0.31,0.28,0.33,0.35,0.37,0.22,0.22,0.41,0.31,0.25,0.34,0.35
2023-02-26,2023-02-17,2023-02-22,2023-02-19,998,Social Democrats,0.04,0.04,0.04,0.04,0.05,0.02,0.05,0.02,0.05,0.04,0.04,0.01
2023-02-26,2023-02-17,2023-02-22,2023-02-19,998,Solidarity/PBP,0.03,0.03,0.03,0.05,0.03,0.02,0.02,0.04,0.07,0.01,0.03,0.01
2023-03-26,2023-03-17,2023-03-22,2023-03-19,1005,Aontú,0.02,0.02,0.02,0.02,0.02,0.02,0.03,0.02,0.03,0.02,0.01,0.03
2023-03-26,2023-03-17,2023-03-22,2023-03-19,1005,Fianna Fáil,0.15,0.13,0.16,0.14,0.13,0.16,0.17,0.11,0.13,0.16,0.16,0.1
2023-03-26,2023-03-17,2023-03-22,2023-03-19,1005,Fine Gael,0.22,0.24,0.2,0.14,0.18,0.32,0.25,0.17,0.25,0.2,0.2,0.25
2023-03-26,2023-03-17,2023-03-22,2023-03-19,1005,Green Party,0.03,0.02,0.04,0.04,0.02,0.03,0.04,0.02,0.05,0.01,0.03,0.02
2023-03-26,2023-03-17,2023-03-22,2023-03-19,1005,Independents,0.12,0.11,0.14,0.13,0.13,0.12,0.1,0.14,0.06,0.12,0.2,0.13
2023-03-26,2023-03-17,2023-03-22,2023-03-19,1005,Labour,0.04,0.05,0.03,0.02,0.05,0.04,0.04,0.03,0.05,0.05,0.04,0
2023-03-26,2023-03-17,2023-03-22,2023-03-19,1005,Sinn Féin,0.31,0.32,0.31,0.34,0.36,0.24,0.25,0.39,0.26,0.35,0.26,0.4
2023-03-26,2023-03-17,2023-03-22,2023-03-19,1005,Social Democrats,0.06,0.07,0.05,0.09,0.05,0.05,0.08,0.05,0.08,0.04,0.08,0.03
2023-03-26,2023-03-17,2023-03-22,2023-03-19,1005,Solidarity/PBP,0.03,0.02,0.04,0.05,0.04,0.01,0.03,0.04,0.06,0.04,0.01,0.02
2023-04-30,2023-04-21,2023-04-26,2023-04-23,1016,Aontú,0.02,0.03,0.01,0.01,0.03,0.02,0.02,0.02,0.01,0.01,0.03,0.03
2023-04-30,2023-04-21,2023-04-26,2023-04-23,1016,Fianna Fáil,0.16,0.17,0.14,0.16,0.11,0.2,0.17,0.13,0.14,0.16,0.17,0.17
2023-04-30,2023-04-21,2023-04-26,2023-04-23,1016,Fine Gael,0.22,0.21,0.23,0.13,0.17,0.32,0.25,0.16,0.23,0.23,0.21,0.19
2023-04-30,2023-04-21,2023-04-26,2023-04-23,1016,Green Party,0.04,0.05,0.04,0.08,0.03,0.04,0.07,0.03,0.07,0.03,0.03,0.04
2023-04-30,2023-04-21,2023-04-26,2023-04-23,1016,Independents,0.12,0.11,0.13,0.11,0.15,0.1,0.1,0.14,0.06,0.12,0.15,0.17
2023-04-30,2023-04-21,2023-04-26,2023-04-23,1016,Labour,0.04,0.03,0.04,0.03,0.02,0.05,0.03,0.04,0.04,0.05,0.03,0.01
2023-04-30,2023-04-21,2023-04-26,2023-04-23,1016,Sinn Féin,0.31,0.31,0.31,0.33,0.38,0.22,0.22,0.42,0.31,0.34,0.27,0.33
2023-04-30,2023-04-21,2023-04-26,2023-04-23,1016,Social Democrats,0.05,0.04,0.06,0.08,0.06,0.02,0.08,0.02,0.08,0.04,0.04,0.02
2023-04-30,2023-04-21,2023-04-26,2023-04-23,1016,Solidarity/PBP,0.02,0.01,0.03,0.05,0.02,0.01,0.03,0.03,0.04,0.01,0.03,0
2023-06-25,2023-06-16,2023-06-21,2023-06-18,1011,Aontú,0.02,0.02,0.02,0.02,0.02,0.02,0.01,0.02,0,0.02,0.02,0.03
2023-06-25,2023-06-16,2023-06-21,2023-06-18,1011,Fianna Fáil,0.16,0.16,0.16,0.1,0.14,0.22,0.22,0.11,0.18,0.16,0.16,0.13
2023-06-25,2023-06-16,2023-06-21,2023-06-18,1011,Fine Gael,0.22,0.24,0.19,0.2,0.19,0.25,0.27,0.15,0.22,0.21,0.19,0.25
2023-06-25,2023-06-16,2023-06-21,2023-06-18,1011,Green Party,0.04,0.03,0.05,0.06,0.03,0.04,0.05,0.03,0.06,0.01,0.05,0.02
2023-06-25,2023-06-16,2023-06-21,2023-06-18,1011,Independents,0.13,0.12,0.15,0.09,0.13,0.16,0.09,0.15,0.08,0.13,0.17,0.17
2023-06-25,2023-06-16,2023-06-21,2023-06-18,1011,Labour,0.05,0.05,0.05,0.05,0.05,0.05,0.04,0.06,0.05,0.09,0.03,0
2023-06-25,2023-06-16,2023-06-21,2023-06-18,1011,Sinn Féin,0.29,0.29,0.29,0.36,0.32,0.2,0.2,0.39,0.26,0.3,0.26,0.37
2023-06-25,2023-06-16,2023-06-21,2023-06-18,1011,Social Democrats,0.05,0.06,0.05,0.06,0.07,0.03,0.07,0.03,0.09,0.05,0.05,0.01
2023-06-25,2023-06-16,2023-06-21,2023-06-18,1011,Solidarity/PBP,0.03,0.02,0.03,0.04,0.03,0.01,0.02,0.04,0.04,0.03,0.03,0.01
2023-09-17,2023-09-07,2023-09-12,2023-09-09,1019,Aontú,0.03,0.03,0.02,0.02,0.03,0.03,0.02,0.03,0.01,0.02,0.03,0.06
2023-09-17,2023-09-07,2023-09-12,2023-09-09,1019,Fianna Fáil,0.16,0.15,0.16,0.12,0.14,0.19,0.21,0.1,0.15,0.19,0.16,0.11
2023-09-17,2023-09-07,2023-09-12,2023-09-09,1019,Fine Gael,0.21,0.2,0.22,0.15,0.16,0.29,0.24,0.17,0.24,0.18,0.19,0.22
2023-09-17,2023-09-07,2023-09-12,2023-09-09,1019,Green Party,0.04,0.04,0.04,0.08,0.01,0.04,0.05,0.03,0.06,0.03,0.02,0.03
2023-09-17,2023-09-07,2023-09-12,2023-09-09,1019,Independents,0.12,0.12,0.12,0.09,0.17,0.09,0.09,0.14,0.09,0.08,0.16,0.15
2023-09-17,2023-09-07,2023-09-12,2023-09-09,1019,Labour,0.04,0.04,0.03,0.06,0.02,0.04,0.04,0.03,0.05,0.04,0.02,0.02
2023-09-17,2023-09-07,2023-09-12,2023-09-09,1019,Sinn Féin,0.31,0.3,0.32,0.34,0.37,0.24,0.22,0.43,0.24,0.38,0.32,0.33
2023-09-17,2023-09-07,2023-09-12,2023-09-09,1019,Social Democrats,0.05,0.06,0.04,0.09,0.04,0.05,0.08,0.02,0.07,0.04,0.05,0.03
2023-09-17,2023-09-07,2023-09-12,2023-09-09,1019,Solidarity/PBP,0.03,0.02,0.04,0.05,0.02,0.02,0.03,0.03,0.04,0.01,0.03,0.01
2023-10-29,2023-10-20,2023-10-25,2023-10-22,1018,Aontú,0.02,0.02,0.02,0.01,0.02,0.02,0.02,0.03,0.01,0.01,0.01,0.05
2023-10-29,2023-10-20,2023-10-25,2023-10-22,1018,Fianna Fáil,0.15,0.15,0.14,0.12,0.11,0.19,0.15,0.13,0.13,0.2,0.15,0.08
2023-10-29,2023-10-20,2023-10-25,2023-10-22,1018,Fine Gael,0.2,0.19,0.2,0.12,0.17,0.27,0.22,0.15,0.21,0.19,0.19,0.2
2023-10-29,2023-10-20,2023-10-25,2023-10-22,1018,Green Party,0.04,0.05,0.03,0.05,0.02,0.04,0.05,0.02,0.06,0.02,0.01,0.05
2023-10-29,2023-10-20,2023-10-25,2023-10-22,1018,Independents,0.12,0.12,0.13,0.09,0.14,0.13,0.1,0.13,0.06,0.09,0.19,0.18
2023-10-29,2023-10-20,2023-10-25,2023-10-22,1018,Labour,0.05,0.05,0.05,0.07,0.04,0.04,0.06,0.05,0.08,0.06,0.03,0.01
2023-10-29,2023-10-20,2023-10-25,2023-10-22,1018,Sinn Féin,0.32,0.32,0.33,0.39,0.37,0.24,0.26,0.41,0.3,0.35,0.29,0.39
2023-10-29,2023-10-20,2023-10-25,2023-10-22,1018,Social Democrats,0.06,0.07,0.06,0.1,0.06,0.04,0.1,0.03,0.08,0.05,0.09,0.02
2023-10-29,2023-10-20,2023-10-25,2023-10-22,1018,Solidarity/PBP,0.03,0.02,0.03,0.05,0.03,0,0.02,0.03,0.05,0.02,0.02,0.02
2023-11-26,2023-11-17,2023-11-22,2023-11-19,1021,Aontú,0.02,0.02,0.02,0.01,0.03,0.03,0.03,0.02,0.02,0.01,0.03,0.03
2023-11-26,2023-11-17,2023-11-22,2023-11-19,1021,Fianna Fáil,0.16,0.19,0.13,0.15,0.13,0.18,0.18,0.11,0.11,0.21,0.16,0.17
2023-11-26,2023-11-17,2023-11-22,2023-11-19,1021,Fine Gael,0.2,0.19,0.2,0.12,0.16,0.27,0.23,0.17,0.27,0.16,0.15,0.21
2023-11-26,2023-11-17,2023-11-22,2023-11-19,1021,Green Party,0.04,0.04,0.04,0.06,0.03,0.05,0.07,0.01,0.06,0.04,0.04,0.02
2023-11-26,2023-11-17,2023-11-22,2023-11-19,1021,Independents,0.13,0.1,0.17,0.08,0.18,0.12,0.11,0.15,0.08,0.12,0.19,0.16
2023-11-26,2023-11-17,2023-11-22,2023-11-19,1021,Labour,0.04,0.04,0.03,0.05,0.03,0.04,0.05,0.03,0.04,0.05,0.04,0.01
2023-11-26,2023-11-17,2023-11-22,2023-11-19,1021,Sinn Féin,0.29,0.27,0.31,0.31,0.33,0.24,0.17,0.41,0.21,0.32,0.3,0.37
2023-11-26,2023-11-17,2023-11-22,2023-11-19,1021,Social Democrats,0.06,0.07,0.05,0.09,0.06,0.03,0.08,0.03,0.09,0.06,0.04,0.01
2023-11-26,2023-11-17,2023-11-22,2023-11-19,1021,Solidarity/PBP,0.03,0.03,0.03,0.05,0.04,0.01,0.05,0.02,0.06,0.02,0.03,0
2024-01-28,2024-01-19,2024-01-24,2024-01-21,1003,Aontú,0.03,0.03,0.02,0.02,0.02,0.03,0.03,0.02,0.03,0.02,0.02,0.03
2024-01-28,2024-01-19,2024-01-24,2024-01-21,1003,Fianna Fáil,0.17,0.18,0.14,0.14,0.15,0.19,0.17,0.14,0.12,0.2,0.15,0.19
2024-01-28,2024-01-19,2024-01-24,2024-01-21,1003,Fine Gael,0.2,0.19,0.21,0.15,0.17,0.27,0.25,0.15,0.24,0.19,0.17,0.22
2024-01-28,2024-01-19,2024-01-24,2024-01-21,1003,Green Party,0.04,0.04,0.04,0.05,0.03,0.04,0.07,0.02,0.05,0.04,0.04,0.03
2024-01-28,2024-01-19,2024-01-24,2024-01-21,1003,Independents,0.15,0.13,0.18,0.11,0.2,0.14,0.12,0.18,0.12,0.11,0.22,0.16
2024-01-28,2024-01-19,2024-01-24,2024-01-21,1003,Labour,0.04,0.03,0.04,0.05,0.03,0.04,0.05,0.03,0.05,0.03,0.04,0.02
2024-01-28,2024-01-19,2024-01-24,2024-01-21,1003,Sinn Féin,0.25,0.24,0.27,0.27,0.29,0.21,0.16,0.36,0.18,0.29,0.25,0.31
2024-01-28,2024-01-19,2024-01-24,2024-01-21,1003,Social Democrats,0.06,0.08,0.05,0.13,0.06,0.03,0.09,0.04,0.1,0.05,0.06,0.01
2024-01-28,2024-01-19,2024-01-24,2024-01-21,1003,Solidarity/PBP,0.03,0.03,0.04,0.06,0.03,0.02,0.04,0.03,0.05,0.05,0.02,0.01
2024-02-25,2024-02-16,2024-02-21,2024-02-18,1009,Aontú,0.03,0.03,0.03,0.04,0.02,0.03,0.03,0.03,0.03,0.02,0.02,0.06
2024-02-25,2024-02-16,2024-02-21,2024-02-18,1009,Fianna Fáil,0.16,0.16,0.16,0.11,0.12,0.23,0.19,0.12,0.13,0.19,0.16,0.15
2024-02-25,2024-02-16,2024-02-21,2024-02-18,1009,Fine Gael,0.2,0.21,0.18,0.11,0.18,0.26,0.2,0.17,0.19,0.23,0.16,0.21
2024-02-25,2024-02-16,2024-02-21,2024-02-18,1009,Green Party,0.03,0.05,0.02,0.07,0.02,0.03,0.05,0.02,0.05,0.03,0.04,0.01
2024-02-25,2024-02-16,2024-02-21,2024-02-18,1009,Independents,0.14,0.12,0.16,0.07,0.17,0.15,0.11,0.16,0.09,0.1,0.22,0.16
2024-02-25,2024-02-16,2024-02-21,2024-02-18,1009,Labour,0.04,0.03,0.05,0.05,0.04,0.04,0.04,0.04,0.03,0.09,0.02,0.01
2024-02-25,2024-02-16,2024-02-21,2024-02-18,1009,Sinn Féin,0.28,0.29,0.27,0.34,0.33,0.2,0.24,0.36,0.28,0.28,0.27,0.32
2024-02-25,2024-02-16,2024-02-21,2024-02-18,1009,Social Democrats,0.07,0.07,0.07,0.12,0.07,0.04,0.08,0.06,0.13,0.03,0.06,0.04
2024-02-25,2024-02-16,2024-02-21,2024-02-18,1009,Solidarity/PBP,0.03,0.02,0.04,0.06,0.03,0.02,0.04,0.03,0.05,0.02,0.03,0.03
2024-03-24,2024-03-15,2024-03-20,2024-03-17,1027,Aontú,0.05,0.05,0.05,0.05,0.05,0.05,0.05,0.05,0.06,0.04,0.05,0.07
2024-03-24,2024-03-15,2024-03-20,2024-03-17,1027,Fianna Fáil,0.16,0.17,0.15,0.1,0.15,0.2,0.19,0.12,0.16,0.21,0.14,0.11
2024-03-24,2024-03-15,2024-03-20,2024-03-17,1027,Fine Gael,0.19,0.18,0.2,0.13,0.16,0.25,0.22,0.15,0.2,0.18,0.17,0.21
2024-03-24,2024-03-15,2024-03-20,2024-03-17,1027,Green Party,0.04,0.05,0.03,0.07,0.02,0.04,0.06,0.02,0.05,0.03,0.04,0.03
2024-03-24,2024-03-15,2024-03-20,2024-03-17,1027,Independents,0.17,0.15,0.19,0.14,0.21,0.13,0.12,0.21,0.12,0.13,0.21,0.22
2024-03-24,2024-03-15,2024-03-20,2024-03-17,1027,Labour,0.03,0.04,0.03,0.05,0.03,0.03,0.03,0.04,0.04,0.05,0.03,0.01
2024-03-24,2024-03-15,2024-03-20,2024-03-17,1027,Sinn Féin,0.25,0.26,0.25,0.32,0.27,0.2,0.19,0.33,0.26,0.26,0.24,0.26
2024-03-24,2024-03-15,2024-03-20,2024-03-17,1027,Social Democrats,0.06,0.06,0.05,0.08,0.06,0.04,0.07,0.04,0.04,0.07,0.08,0.02
2024-03-24,2024-03-15,2024-03-20,2024-03-17,1027,Solidarity/PBP,0.03,0.03,0.03,0.04,0.05,0.03,0.05,0.02,0.05,0.02,0.04,0.04
2024-04-28,2024-04-19,2024-04-25,2024-04-22,1027,Aontú,0.04,0.04,0.03,0.04,0.04,0.03,0.03,0.03,0.03,0.06,0.04,0.01
2024-04-28,2024-04-19,2024-04-25,2024-04-22,1027,Fianna Fáil,0.14,0.15,0.13,0.07,0.11,0.21,0.15,0.13,0.11,0.15,0.19,0.1
2024-04-28,2024-04-19,2024-04-25,2024-04-22,1027,Fine Gael,0.2,0.19,0.21,0.17,0.17,0.26,0.23,0.17,0.25,0.17,0.18,0.19
2024-04-28,2024-04-19,2024-04-25,2024-04-22,1027,Green Party,0.03,0.03,0.04,0.05,0.04,0.02,0.06,0.02,0.03,0.02,0.06,0.02
2024-04-28,2024-04-19,2024-04-25,2024-04-22,1027,Independents,0.19,0.16,0.22,0.14,0.2,0.21,0.15,0.23,0.17,0.17,0.21,0.22
2024-04-28,2024-04-19,2024-04-25,2024-04-22,1027,Labour,0.03,0.04,0.02,0.02,0.03,0.04,0.04,0.02,0.04,0.03,0.02,0.01
2024-04-28,2024-04-19,2024-04-25,2024-04-22,1027,Sinn Féin,0.27,0.28,0.25,0.34,0.31,0.19,0.21,0.34,0.2,0.31,0.24,0.38
2024-04-28,2024-04-19,2024-04-25,2024-04-22,1027,Social Democrats,0.06,0.04,0.07,0.13,0.05,0.02,0.08,0.03,0.08,0.06,0.04,0.03
2024-04-28,2024-04-19,2024-04-25,2024-04-22,1027,Solidarity/PBP,0.02,0.02,0.02,0.04,0.02,0.01,0.03,0.02,0.05,0.01,0.01,0.01
2024-05-26,2024-05-17,2024-05-22,2024-05-19,1021,Aontú,0.03,0.03,0.03,0.02,0.04,0.03,0.04,0.02,0.03,0.05,0.02,0.03
2024-05-26,2024-05-17,2024-05-22,2024-05-19,1021,Fianna Fáil,0.14,0.15,0.14,0.13,0.16,0.16,0.1,0.11,0.18,0.14,0.16,0.14
2024-05-26,2024-05-17,2024-05-22,2024-05-19,1021,Fine Gael,0.22,0.25,0.19,0.16,0.18,0.3,0.21,0.2,0.22,0.24,0.2,0.23
2024-05-26,2024-05-17,2024-05-22,2024-05-19,1021,Green Party,0.04,0.04,0.04,0.07,0.02,0.04,0.06,0.02,0.06,0.01,0.04,0.04
2024-05-26,2024-05-17,2024-05-22,2024-05-19,1021,Independents,0.15,0.23,0.12,0.25,0.17,0.14,0.25,0.13,0.17,0.26,0.21,0.15
2024-05-26,2024-05-17,2024-05-22,2024-05-19,1021,Labour,0.04,0.04,0.03,0.03,0.04,0.04,0.05,0.03,0.06,0.04,0.03,0
2024-05-26,2024-05-17,2024-05-22,2024-05-19,1021,Sinn Féin,0.23,0.23,0.23,0.27,0.23,0.2,0.2,0.27,0.19,0.26,0.23,0.24
2024-05-26,2024-05-17,2024-05-22,2024-05-19,1021,Social Democrats,0.05,0.06,0.04,0.1,0.03,0.04,0.08,0.03,0.08,0.04,0.05,0.04
2024-05-26,2024-05-17,2024-05-22,2024-05-19,1021,Solidarity/PBP,0.03,0.03,0.03,0.05,0.04,0.02,0.05,0.02,0.08,0.02,0.01,0.01
2024-06-30,2024-06-21,2024-06-26,2024-06-23,1000,Aontú,0.03,0.02,0.03,0.02,0.02,0.04,0.03,0.02,0.03,0.02,0.02,0.03
2024-06-30,2024-06-21,2024-06-26,2024-06-23,1000,Fianna Fáil,0.19,0.22,0.16,0.09,0.15,0.28,0.21,0.15,0.15,0.23,0.19,0.19
2024-06-30,2024-06-21,2024-06-26,2024-06-23,1000,Fine Gael,0.21,0.21,0.2,0.16,0.2,0.24,0.22,0.18,0.25,0.17,0.21,0.18
2024-06-30,2024-06-21,2024-06-26,2024-06-23,1000,Green Party,0.05,0.05,0.05,0.05,0.04,0.05,0.06,0.02,0.07,0.04,0.05,0.02
2024-06-30,2024-06-21,2024-06-26,2024-06-23,1000,Independents,0.15,0.13,0.18,0.15,0.18,0.13,0.1,0.2,0.11,0.15,0.18,0.19
2024-06-30,2024-06-21,2024-06-26,2024-06-23,1000,Labour,0.03,0.04,0.03,0.06,0.02,0.03,0.03,0.04,0.06,0.06,0,0
2024-06-30,2024-06-21,2024-06-26,2024-06-23,1000,Sinn Féin,0.2,0.21,0.19,0.24,0.24,0.14,0.16,0.26,0.14,0.24,0.18,0.27
2024-06-30,2024-06-21,2024-06-26,2024-06-23,1000,Social Democrats,0.05,0.05,0.06,0.1,0.06,0.02,0.08,0.03,0.08,0.04,0.06,0.04
2024-06-30,2024-06-21,2024-06-26,2024-06-23,1000,Solidarity/PBP,0.03,0.03,0.03,0.08,0.01,0.02,0.03,0.03,0.07,0,0.02,0.01
2024-09-15,2024-09-05,2024-09-10,2024-09-07,1004,Aontú,0.04,0.07,0.02,0.05,0.06,0.03,0.04,0.05,0.04,0.08,0.02,0.05
2024-09-15,2024-09-05,2024-09-10,2024-09-07,1004,Fianna Fáil,0.18,0.16,0.2,0.12,0.21,0.18,0.2,0.16,0.16,0.21,0.2,0.13
2024-09-15,2024-09-05,2024-09-10,2024-09-07,1004,Fine Gael,0.23,0.24,0.22,0.16,0.17,0.33,0.23,0.19,0.2,0.26,0.2,0.29
2024-09-15,2024-09-05,2024-09-10,2024-09-07,1004,Green Party,0.04,0.06,0.02,0.07,0.02,0.04,0.06,0.02,0.04,0.03,0.05,0.03
2024-09-15,2024-09-05,2024-09-10,2024-09-07,1004,Independents,0.15,0.12,0.19,0.12,0.18,0.15,0.13,0.18,0.14,0.13,0.2,0.14
2024-09-15,2024-09-05,2024-09-10,2024-09-07,1004,Labour,0.04,0.04,0.04,0.04,0.03,0.05,0.06,0.03,0.07,0.03,0.03,0.01
2024-09-15,2024-09-05,2024-09-10,2024-09-07,1004,Sinn Féin,0.18,0.16,0.19,0.28,0.17,0.12,0.15,0.22,0.16,0.19,0.15,0.23
2024-09-15,2024-09-05,2024-09-10,2024-09-07,1004,Social Democrats,0.06,0.06,0.06,0.1,0.05,0.04,0.06,0.06,0.08,0.03,0.07,0.04
2024-09-15,2024-09-05,2024-09-10,2024-09-07,1004,Solidarity/PBP,0.03,0.03,0.02,0.03,0.03,0.02,0.03,0.02,0.06,0.01,0.02,0
2024-10-27,2024-10-18,2024-10-23,2024-10-20,1003,Aontú,0.03,0.04,0.03,0.03,0.04,0.03,0.04,0.04,0.05,0.04,0.02,0.03
2024-10-27,2024-10-18,2024-10-23,2024-10-20,1003,Fianna Fáil,0.21,0.22,0.2,0.16,0.19,0.25,0.24,0.16,0.18,0.24,0.26,0.12
2024-10-27,2024-10-18,2024-10-23,2024-10-20,1003,Fine Gael,0.22,0.25,0.2,0.15,0.18,0.3,0.24,0.19,0.22,0.25,0.2,0.23
2024-10-27,2024-10-18,2024-10-23,2024-10-20,1003,Green Party,0.03,0.03,0.02,0.04,0.03,0.02,0.03,0.03,0.06,0.02,0.01,0.02
2024-10-27,2024-10-18,2024-10-23,2024-10-20,1003,Independents,0.15,0.11,0.18,0.09,0.2,0.13,0.09,0.21,0.14,0.14,0.16,0.17
2024-10-27,2024-10-18,2024-10-23,2024-10-20,1003,Labour,0.04,0.04,0.05,0.08,0.02,0.05,0.07,0.03,0.05,0.04,0.04,0.05
2024-10-27,2024-10-18,2024-10-23,2024-10-20,1003,Sinn Féin,0.17,0.19,0.15,0.24,0.16,0.13,0.15,0.2,0.14,0.17,0.15,0.23
2024-10-27,2024-10-18,2024-10-23,2024-10-20,1003,Social Democrats,0.05,0.03,0.06,0.06,0.06,0.03,0.06,0.03,0.03,0.04,0.06,0.07
2024-10-27,2024-10-18,2024-10-23,2024-10-20,1003,Solidarity/PBP,0.03,0.02,0.04,0.06,0.03,0.01,0.04,0.02,0.06,0.01,0.01,0.02
2024-11-10,2024-11-01,2024-11-07,2024-11-04,1208,Aontú,0.05,0.06,0.03,0.04,0.07,0.03,0.05,0.04,0.06,0.06,0.03,0.01
2024-11-10,2024-11-01,2024-11-07,2024-11-04,1208,Fianna Fáil,0.21,0.21,0.21,0.13,0.23,0.24,0.23,0.19,0.15,0.25,0.27,0.15
2024-11-10,2024-11-01,2024-11-07,2024-11-04,1208,Fine Gael,0.22,0.2,0.23,0.13,0.16,0.31,0.22,0.2,0.2,0.2,0.23,0.27
2024-11-10,2024-11-01,2024-11-07,2024-11-04,1208,Green Party,0.04,0.03,0.05,0.08,0.02,0.04,0.05,0.03,0.06,0.03,0.05,0
2024-11-10,2024-11-01,2024-11-07,2024-11-04,1208,Independents,0.15,0.13,0.17,0.11,0.19,0.13,0.12,0.18,0.11,0.18,0.12,0.22
2024-11-10,2024-11-01,2024-11-07,2024-11-04,1208,Labour,0.03,0.04,0.03,0.02,0.03,0.04,0.03,0.03,0.05,0.02,0.03,0.01
2024-11-10,2024-11-01,2024-11-07,2024-11-04,1208,Sinn Féin,0.18,0.19,0.16,0.27,0.16,0.14,0.16,0.2,0.2,0.17,0.14,0.2
2024-11-10,2024-11-01,2024-11-07,2024-11-04,1208,Social Democrats,0.06,0.06,0.05,0.1,0.06,0.04,0.07,0.04,0.07,0.03,0.07,0.04
2024-11-10,2024-11-01,2024-11-07,2024-11-04,1208,Solidarity/PBP,0.02,0.02,0.03,0.04,0.03,0.01,0.02,0.03,0.04,0.02,0.02,0.01
