date,date_start,date_end,date_middle,sample_size,party,total,male,female,age_18_34,age_35_54,age_55,class_abc1,class_c2de,class_f,region_dublin,region_leinster,region_munster,region_connacht_ulster,area_urban,area_rural,const_seats_5
2015-08-15,2015-08-02,2015-08-12,2015-08-07,898,Fianna Fáil,390,178,211,116,102,171,126,234,30,48,94,153,96,186,204,129
2015-08-15,2015-08-02,2015-08-12,2015-08-07,898,Fine Gael,532,254,278,102,193,237,245,182,105,118,140,165,109,292,240,183
2015-08-15,2015-08-02,2015-08-12,2015-08-07,898,Labour,108,49,59,20,52,35,58,50,0,55,31,18,4,80,28,63
2015-08-15,2015-08-02,2015-08-12,2015-08-07,898,Green Party,39,20,19,11,28,0,30,5,4,23,6,11,0,24,16,9
2015-08-15,2015-08-02,2015-08-12,2015-08-07,898,Workers Party,29,17,13,14,9,6,15,14,0,10,2,6,11,12,17,7
2015-08-15,2015-08-02,2015-08-12,2015-08-07,898,Sinn Féin,367,236,131,131,171,64,100,248,19,101,122,69,75,205,162,97
2015-08-15,2015-08-02,2015-08-12,2015-08-07,898,Socialist Party,11,0,11,2,9,0,2,9,0,11,0,0,0,11,0,2
2015-08-15,2015-08-02,2015-08-12,2015-08-07,898,Solidarity/PBP,23,5,18,0,18,5,9,15,0,10,11,0,2,16,8,13
2015-08-15,2015-08-02,2015-08-12,2015-08-07,898,AAA,60,30,30,12,19,29,24,36,0,26,15,6,13,28,32,29
2015-08-15,2015-08-02,2015-08-12,2015-08-07,898,RENUA,48,39,9,12,16,20,25,23,0,19,5,9,16,26,22,15
2015-08-15,2015-08-02,2015-08-12,2015-08-07,898,Social Democrats,27,17,10,10,0,17,17,10,0,17,0,10,0,24,2,13
2015-08-15,2015-08-02,2015-08-12,2015-08-07,898,Independent Alliance,75,40,34,6,41,27,25,49,0,19,16,13,27,54,21,19
2015-08-15,2015-08-02,2015-08-12,2015-08-07,898,Other Independent Candidate,236,121,114,36,101,99,113,123,0,68,63,60,45,166,70,84
2015-10-18,2015-10-05,2015-10-14,2015-10-09,912,Fianna Fáil,390,211,179,85,123,182,164,165,61,72,82,130,105,145,246,94
2015-10-18,2015-10-05,2015-10-14,2015-10-09,912,Fine Gael,480,234,246,109,189,183,233,176,71,143,107,124,106,257,223,90
2015-10-18,2015-10-05,2015-10-14,2015-10-09,912,Labour,167,60,107,36,85,46,76,91,0,36,71,45,15,107,60,55
2015-10-18,2015-10-05,2015-10-14,2015-10-09,912,Green Party,27,16,11,14,11,2,5,21,0,18,0,0,8,25,2,6
2015-10-18,2015-10-05,2015-10-14,2015-10-09,912,Workers Party,14,3,11,5,6,3,0,14,0,6,6,3,0,6,8,8
2015-10-18,2015-10-05,2015-10-14,2015-10-09,912,Sinn Féin,386,233,153,169,137,79,117,263,6,100,138,94,53,244,142,159
2015-10-18,2015-10-05,2015-10-14,2015-10-09,912,Socialist Party,42,37,4,11,27,4,38,4,0,28,6,0,8,34,8,14
2015-10-18,2015-10-05,2015-10-14,2015-10-09,912,Solidarity/PBP,60,35,24,9,19,31,17,41,2,31,10,13,6,52,8,7
2015-10-18,2015-10-05,2015-10-14,2015-10-09,912,AAA,36,20,15,2,25,10,11,25,0,12,12,9,3,26,9,19
2015-10-18,2015-10-05,2015-10-14,2015-10-09,912,RENUA,43,11,32,4,15,24,12,32,0,4,30,5,3,18,25,17
2015-10-18,2015-10-05,2015-10-14,2015-10-09,912,Social Democrats,24,22,3,2,10,11,19,5,0,15,4,4,0,24,0,0
2015-10-18,2015-10-05,2015-10-14,2015-10-09,912,Independent Alliance,95,38,57,28,38,29,58,31,6,27,7,17,48,56,39,26
2015-10-18,2015-10-05,2015-10-14,2015-10-09,912,Other Independent Candidate,250,118,132,22,109,118,111,110,29,84,31,87,47,163,87,81
2015-11-15,2015-10-30,2015-11-11,2015-11-05,927,Fianna Fáil,383,167,216,64,93,227,153,180,50,77,65,128,113,183,200,112
2015-11-15,2015-10-30,2015-11-11,2015-11-05,927,Fine Gael,493,260,233,96,207,191,286,161,46,114,147,125,107,263,231,173
2015-11-15,2015-10-30,2015-11-11,2015-11-05,927,Labour,139,44,95,34,59,46,56,69,14,46,61,27,5,120,19,40
2015-11-15,2015-10-30,2015-11-11,2015-11-05,927,Green Party,18,9,9,9,9,0,15,3,0,10,0,0,8,10,8,5
2015-11-15,2015-10-30,2015-11-11,2015-11-05,927,Workers Party,7,7,0,5,2,0,7,0,0,7,0,0,0,7,0,0
2015-11-15,2015-10-30,2015-11-11,2015-11-05,927,Sinn Féin,389,192,198,155,160,74,126,260,3,105,103,116,65,246,144,140
2015-11-15,2015-10-30,2015-11-11,2015-11-05,927,Socialist Party,23,14,9,19,0,4,7,16,0,23,0,0,0,23,0,5
2015-11-15,2015-10-30,2015-11-11,2015-11-05,927,Solidarity/PBP,88,64,24,18,31,39,42,46,0,52,10,18,8,72,16,48
2015-11-15,2015-10-30,2015-11-11,2015-11-05,927,AAA,51,50,1,10,32,9,8,43,0,15,5,20,11,47,4,24
2015-11-15,2015-10-30,2015-11-11,2015-11-05,927,RENUA,21,4,17,4,10,7,8,13,0,8,4,7,2,19,2,4
2015-11-15,2015-10-30,2015-11-11,2015-11-05,927,Social Democrats,17,11,6,3,7,7,10,7,0,2,11,0,4,6,11,15
2015-11-15,2015-10-30,2015-11-11,2015-11-05,927,Independent Alliance,35,16,19,6,13,16,17,16,3,8,11,5,11,24,12,21
2015-11-15,2015-10-30,2015-11-11,2015-11-05,927,Other Independent Candidate,235,96,139,43,124,68,112,116,7,68,71,56,40,124,111,63
2015-12-12,2015-11-30,2015-12-09,2015-12-04,918,Fianna Fáil,360,173,186,130,80,150,114,201,45,55,72,94,138,157,203,100
2015-12-12,2015-11-30,2015-12-09,2015-12-04,918,Fine Gael,594,296,299,115,210,269,284,243,67,142,146,155,150,290,304,107
2015-12-12,2015-11-30,2015-12-09,2015-12-04,918,Labour,150,68,83,23,60,66,79,65,6,52,49,47,1,122,28,49
2015-12-12,2015-11-30,2015-12-09,2015-12-04,918,Green Party,72,41,30,14,27,31,41,30,0,33,16,17,5,46,26,26
2015-12-12,2015-11-30,2015-12-09,2015-12-04,918,Workers Party,26,4,22,5,10,10,17,8,0,5,2,19,0,26,0,0
2015-12-12,2015-11-30,2015-12-09,2015-12-04,918,Sinn Féin,326,186,139,92,150,84,103,219,3,93,109,56,67,236,89,78
2015-12-12,2015-11-30,2015-12-09,2015-12-04,918,Socialist Party,6,0,6,3,3,0,3,3,0,3,3,0,0,3,3,0
2015-12-12,2015-11-30,2015-12-09,2015-12-04,918,Solidarity/PBP,69,24,45,32,29,8,29,40,0,51,1,17,0,59,10,15
2015-12-12,2015-11-30,2015-12-09,2015-12-04,918,RENUA,20,8,12,6,4,11,14,3,3,5,6,5,4,10,1,7
2015-12-12,2015-11-30,2015-12-09,2015-12-04,918,Social Democrats,21,20,1,0,15,6,21,0,0,13,7,1,0,16,5,10
2015-12-12,2015-11-30,2015-12-09,2015-12-04,918,Independent Alliance,41,28,13,19,13,9,27,14,0,18,4,14,5,27,14,14
2015-12-12,2015-11-30,2015-12-09,2015-12-04,918,Other Independent Candidate,211,135,77,22,141,48,98,91,22,33,56,82,40,96,115,86
2016-01-16,2016-01-04,2016-01-13,2016-01-08,916,Fianna Fáil,371,191,180,82,112,177,150,201,20,45,103,128,95,221,150,133
2016-01-16,2016-01-04,2016-01-13,2016-01-08,916,Fine Gael,574,273,301,111,248,216,275,238,61,147,143,157,127,340,234,147
2016-01-16,2016-01-04,2016-01-13,2016-01-08,916,Labour,113,48,65,35,52,25,50,52,11,63,30,15,5,97,16,46
2016-01-16,2016-01-04,2016-01-13,2016-01-08,916,Green Party,47,18,28,8,37,2,21,26,0,21,11,14,0,32,14,7
2016-01-16,2016-01-04,2016-01-13,2016-01-08,916,Workers Party,35,18,17,12,19,4,16,15,4,5,0,27,3,12,23,25
2016-01-16,2016-01-04,2016-01-13,2016-01-08,916,Sinn Féin,295,159,136,98,122,74,81,200,13,63,104,63,65,184,110,126
2016-01-16,2016-01-04,2016-01-13,2016-01-08,916,Socialist Party,11,4,7,0,8,3,4,3,4,3,4,4,0,7,4,4
2016-01-16,2016-01-04,2016-01-13,2016-01-08,916,Solidarity/PBP,46,33,13,0,29,17,20,25,0,16,12,5,12,24,21,11
2016-01-16,2016-01-04,2016-01-13,2016-01-08,916,RENUA,42,30,12,6,13,23,25,17,0,25,11,7,0,33,9,20
2016-01-16,2016-01-04,2016-01-13,2016-01-08,916,Social Democrats,26,12,14,0,10,16,13,13,0,16,0,8,2,21,5,5
2016-01-16,2016-01-04,2016-01-13,2016-01-08,916,Independent Alliance,53,36,17,14,22,17,30,18,5,17,12,5,19,23,30,23
2016-01-16,2016-01-04,2016-01-13,2016-01-08,916,Other Independent Candidate,225,94,131,58,106,61,104,119,2,77,44,65,39,148,77,70
2016-02-06,2016-02-01,2016-02-02,2016-02-01,1011,Fianna Fáil,388,199,189,59,151,178,163,185,39,67,116,126,79,183,205,130
2016-02-06,2016-02-01,2016-02-02,2016-02-01,1011,Fine Gael,539,265,274,153,169,216,237,223,79,156,133,133,117,292,246,179
2016-02-06,2016-02-01,2016-02-02,2016-02-01,1011,Labour,163,53,109,31,38,93,65,89,8,68,39,41,15,114,48,70
2016-02-06,2016-02-01,2016-02-02,2016-02-01,1011,Green Party,50,17,33,13,27,11,30,20,0,39,3,6,3,43,7,15
2016-02-06,2016-02-01,2016-02-02,2016-02-01,1011,Workers Party,21,12,9,4,11,6,0,21,0,6,10,5,0,18,3,5
2016-02-06,2016-02-01,2016-02-02,2016-02-01,1011,Sinn Féin,340,157,182,140,112,88,100,237,3,116,92,93,40,252,87,133
2016-02-06,2016-02-01,2016-02-02,2016-02-01,1011,Socialist Party,7,2,4,2,4,0,7,0,0,7,0,0,0,7,0,2
2016-02-06,2016-02-01,2016-02-02,2016-02-01,1011,Solidarity/PBP,54,21,33,15,20,19,25,29,0,26,7,14,7,54,0,16
2016-02-06,2016-02-01,2016-02-02,2016-02-01,1011,RENUA,40,26,13,10,18,12,14,20,6,7,23,4,6,18,22,20
2016-02-06,2016-02-01,2016-02-02,2016-02-01,1011,Social Democrats,71,50,21,20,42,9,42,29,0,45,21,3,2,67,4,26
2016-02-06,2016-02-01,2016-02-02,2016-02-01,1011,Independent Alliance,82,52,30,4,31,47,35,43,3,25,28,4,25,47,35,21
2016-02-06,2016-02-01,2016-02-02,2016-02-01,1011,Other Independent Candidate,189,85,104,42,62,85,70,108,11,39,39,79,32,116,73,85
2016-02-20,2016-02-15,2016-02-16,2016-02-15,1026,Fianna Fáil,457,216,242,129,127,202,179,249,29,69,120,143,126,254,204,172
2016-02-20,2016-02-15,2016-02-16,2016-02-15,1026,Fine Gael,618,356,263,101,239,279,328,211,80,175,165,135,143,347,271,173
2016-02-20,2016-02-15,2016-02-16,2016-02-15,1026,Labour,86,39,47,34,30,23,38,46,3,36,29,15,5,63,23,29
2016-02-20,2016-02-15,2016-02-16,2016-02-15,1026,Green Party,73,19,54,33,25,15,29,45,0,48,12,3,10,60,13,17
2016-02-20,2016-02-15,2016-02-16,2016-02-15,1026,Workers Party,16,13,3,8,3,6,2,14,0,8,0,8,0,8,8,6
2016-02-20,2016-02-15,2016-02-16,2016-02-15,1026,Sinn Féin,309,177,132,141,102,66,80,214,15,68,77,103,61,199,110,129
2016-02-20,2016-02-15,2016-02-16,2016-02-15,1026,Socialist Party,9,9,0,6,0,3,2,7,0,5,0,4,0,5,4,3
2016-02-20,2016-02-15,2016-02-16,2016-02-15,1026,Solidarity/PBP,98,69,29,30,42,26,40,58,0,51,14,26,8,90,8,34
2016-02-20,2016-02-15,2016-02-16,2016-02-15,1026,RENUA,59,23,36,8,22,30,21,35,4,12,22,22,4,43,17,17
2016-02-20,2016-02-15,2016-02-16,2016-02-15,1026,Social Democrats,66,40,25,17,26,22,32,33,0,54,5,7,0,61,4,10
2016-02-20,2016-02-15,2016-02-16,2016-02-15,1026,Independent Alliance,96,43,52,20,49,27,49,47,0,38,16,18,23,84,12,43
2016-02-20,2016-02-15,2016-02-16,2016-02-15,1026,Other Independent Candidate,208,89,119,34,76,97,77,114,16,55,27,100,26,102,105,69
2016-04-16,2016-04-03,2016-04-13,2016-04-08,926,Fianna Fáil,557,277,281,101,240,216,177,345,35,114,164,133,147,322,235,149
2016-04-16,2016-04-03,2016-04-13,2016-04-08,926,Fine Gael,505,258,247,129,191,186,312,150,43,135,123,123,124,292,213,118
2016-04-16,2016-04-03,2016-04-13,2016-04-08,926,Labour,94,55,40,19,37,38,47,46,2,34,32,29,0,83,12,15
2016-04-16,2016-04-03,2016-04-13,2016-04-08,926,Green Party,57,25,32,34,15,9,22,35,0,29,19,9,0,36,21,10
2016-04-16,2016-04-03,2016-04-13,2016-04-08,926,Workers Party,62,30,32,8,40,13,17,45,0,7,0,55,0,34,28,55
2016-04-16,2016-04-03,2016-04-13,2016-04-08,926,Sinn Féin,369,222,147,144,124,101,143,213,13,88,97,127,57,219,150,161
2016-04-16,2016-04-03,2016-04-13,2016-04-08,926,Socialist Party,2,2,0,0,2,0,2,0,0,2,0,0,0,2,0,0
2016-04-16,2016-04-03,2016-04-13,2016-04-08,926,Solidarity/PBP,78,41,37,32,23,22,22,53,3,38,6,24,10,65,14,10
2016-04-16,2016-04-03,2016-04-13,2016-04-08,926,RENUA,14,3,11,8,2,3,6,8,0,3,0,11,0,5,8,3
2016-04-16,2016-04-03,2016-04-13,2016-04-08,926,Social Democrats,41,28,12,6,22,12,22,18,0,10,17,9,4,29,11,13
2016-04-16,2016-04-03,2016-04-13,2016-04-08,926,Independent Alliance,172,77,96,37,79,56,68,90,15,52,59,50,12,109,64,120
2016-04-16,2016-04-03,2016-04-13,2016-04-08,926,Other Independent Candidate,217,97,120,57,76,84,108,87,22,51,18,76,72,116,101,90
2016-05-11,2016-05-01,2016-05-11,2016-05-06,898,Fianna Fáil,585,269,316,172,166,247,260,281,44,84,197,219,85,316,270,182
2016-05-11,2016-05-01,2016-05-11,2016-05-06,898,Fine Gael,564,288,277,160,210,195,261,245,58,173,138,152,102,301,263,171
2016-05-11,2016-05-01,2016-05-11,2016-05-06,898,Labour,104,35,69,14,30,60,46,58,0,54,17,29,3,89,15,44
2016-05-11,2016-05-01,2016-05-11,2016-05-06,898,Green Party,76,35,41,24,29,23,39,33,4,28,31,16,1,46,30,18
2016-05-11,2016-05-01,2016-05-11,2016-05-06,898,Workers Party,14,12,3,5,5,4,4,10,0,0,4,6,5,5,9,0
2016-05-11,2016-05-01,2016-05-11,2016-05-06,898,Sinn Féin,347,193,154,159,114,74,135,204,8,82,99,98,68,227,120,130
2016-05-11,2016-05-01,2016-05-11,2016-05-06,898,Socialist Party,0,0,0,0,0,0,0,0,0,0,0,0,0,0,0,0
2016-05-11,2016-05-01,2016-05-11,2016-05-06,898,Solidarity/PBP,76,43,33,0,65,11,4,70,2,30,24,11,11,61,15,43
2016-05-11,2016-05-01,2016-05-11,2016-05-06,898,RENUA,0,0,0,0,0,0,0,0,0,0,0,0,0,0,0,0
2016-05-11,2016-05-01,2016-05-11,2016-05-06,898,Social Democrats,36,24,12,9,11,16,23,7,6,6,18,5,7,24,12,12
2016-05-11,2016-05-01,2016-05-11,2016-05-06,898,Independent Alliance,153,92,61,36,87,30,64,76,12,30,28,82,13,91,62,83
2016-05-11,2016-05-01,2016-05-11,2016-05-06,898,Other Independent Candidate,181,72,109,29,89,63,64,99,17,20,31,56,74,74,106,59
2016-06-15,2016-06-03,2016-06-15,2016-06-09,913,Fianna Fáil,551,301,250,85,227,240,196,318,37,97,178,172,103,325,227,183
2016-06-15,2016-06-03,2016-06-15,2016-06-09,913,Fine Gael,574,247,326,151,238,185,299,197,78,199,141,88,145,332,242,180
2016-06-15,2016-06-03,2016-06-15,2016-06-09,913,Labour,113,55,59,36,36,41,68,45,0,31,43,30,9,85,29,29
2016-06-15,2016-06-03,2016-06-15,2016-06-09,913,Green Party,70,39,31,23,28,20,51,19,0,53,6,5,7,61,9,9
2016-06-15,2016-06-03,2016-06-15,2016-06-09,913,Workers Party,46,22,25,18,7,21,7,26,13,0,0,46,0,0,46,46
2016-06-15,2016-06-03,2016-06-15,2016-06-09,913,Sinn Féin,368,235,133,175,108,85,97,255,16,81,105,86,96,201,167,178
2016-06-15,2016-06-03,2016-06-15,2016-06-09,913,Socialist Party,5,0,5,5,0,0,2,2,0,2,2,0,0,5,0,0
2016-06-15,2016-06-03,2016-06-15,2016-06-09,913,Solidarity/PBP,99,48,50,31,29,38,33,65,0,66,9,22,1,88,11,42
2016-06-15,2016-06-03,2016-06-15,2016-06-09,913,RENUA,33,21,12,0,29,3,10,22,0,3,6,12,11,18,15,5
2016-06-15,2016-06-03,2016-06-15,2016-06-09,913,Social Democrats,18,3,15,10,5,2,10,8,0,10,5,3,0,15,3,8
2016-06-15,2016-06-03,2016-06-15,2016-06-09,913,Independent Alliance,131,73,58,48,34,50,71,57,4,58,19,26,28,89,42,32
2016-06-15,2016-06-03,2016-06-15,2016-06-09,913,Other Independent Candidate,193,108,85,56,84,54,63,123,8,29,47,71,46,80,113,125
2016-07-13,2016-07-01,2016-07-13,2016-07-07,909,Fianna Fáil,639,306,333,114,282,243,263,319,57,164,183,191,102,393,246,194
2016-07-13,2016-07-01,2016-07-13,2016-07-07,909,Fine Gael,534,276,258,127,201,206,295,182,57,155,107,195,77,312,222,205
2016-07-13,2016-07-01,2016-07-13,2016-07-07,909,Labour,128,63,65,41,23,64,73,55,0,30,40,56,2,88,41,34
2016-07-13,2016-07-01,2016-07-13,2016-07-07,909,Green Party,47,29,18,13,27,7,15,33,0,14,9,16,8,27,21,12
2016-07-13,2016-07-01,2016-07-13,2016-07-07,909,Workers Party,58,23,35,12,37,9,24,34,0,5,6,30,18,7,51,50
2016-07-13,2016-07-01,2016-07-13,2016-07-07,909,Sinn Féin,304,173,131,124,111,69,109,179,17,122,85,49,48,234,70,124
2016-07-13,2016-07-01,2016-07-13,2016-07-07,909,Socialist Party,0,0,0,0,0,0,0,0,0,0,0,0,0,0,0,0
2016-07-13,2016-07-01,2016-07-13,2016-07-07,909,Solidarity/PBP,97,57,40,24,43,30,24,72,0,60,14,16,7,84,13,45
2016-07-13,2016-07-01,2016-07-13,2016-07-07,909,RENUA,4,4,0,0,0,4,0,4,0,4,0,0,0,4,0,0
2016-07-13,2016-07-01,2016-07-13,2016-07-07,909,Social Democrats,41,27,14,20,8,13,18,23,0,20,10,6,5,32,9,16
2016-07-13,2016-07-01,2016-07-13,2016-07-07,909,Independent Alliance,86,57,29,23,32,31,51,36,0,24,29,27,7,54,33,41
2016-07-13,2016-07-01,2016-07-13,2016-07-07,909,Other Independent Candidate,176,93,83,36,94,47,75,99,2,46,38,33,59,86,91,69
2016-09-14,2016-09-04,2016-09-14,2016-09-09,911,Fianna Fáil,605,340,266,127,180,299,150,398,57,94,270,126,114,312,294,218
2016-09-14,2016-09-04,2016-09-14,2016-09-09,911,Fine Gael,506,248,258,128,190,187,241,210,55,136,106,131,132,306,200,185
2016-09-14,2016-09-04,2016-09-14,2016-09-09,911,Labour,147,53,94,63,62,21,71,76,0,74,24,46,2,131,15,16
2016-09-14,2016-09-04,2016-09-14,2016-09-09,911,Green Party,45,26,18,17,17,10,26,19,0,22,9,7,7,28,16,16
2016-09-14,2016-09-04,2016-09-14,2016-09-09,911,Workers Party,23,5,18,5,11,6,13,10,0,3,6,9,5,9,14,13
2016-09-14,2016-09-04,2016-09-14,2016-09-09,911,Sinn Féin,395,257,138,153,142,100,122,250,23,112,127,92,64,214,181,165
2016-09-14,2016-09-04,2016-09-14,2016-09-09,911,Socialist Party,0,0,0,0,0,0,0,0,0,0,0,0,0,0,0,0
2016-09-14,2016-09-04,2016-09-14,2016-09-09,911,Solidarity/PBP,94,38,56,20,41,32,30,64,0,53,32,9,0,92,2,27
2016-09-14,2016-09-04,2016-09-14,2016-09-09,911,RENUA,0,0,0,0,0,0,0,0,0,0,0,0,0,0,0,0
2016-09-14,2016-09-04,2016-09-14,2016-09-09,911,Social Democrats,31,29,2,8,17,6,10,21,0,13,7,8,3,22,9,17
2016-09-14,2016-09-04,2016-09-14,2016-09-09,911,Independent Alliance,83,43,41,35,32,16,50,33,0,40,34,0,9,52,31,51
2016-09-14,2016-09-04,2016-09-14,2016-09-09,911,Other Independent Candidate,254,106,148,91,110,53,148,96,10,49,22,138,45,156,98,114
2016-11-09,2016-11-01,2016-11-09,2016-11-05,924,Fianna Fáil,642,327,315,109,185,348,244,333,65,143,167,167,165,397,245,196
2016-11-09,2016-11-01,2016-11-09,2016-11-05,924,Fine Gael,604,293,311,155,248,201,291,253,61,149,96,192,167,327,278,157
2016-11-09,2016-11-01,2016-11-09,2016-11-05,924,Labour,70,35,35,10,36,24,31,39,0,32,13,12,13,48,22,3
2016-11-09,2016-11-01,2016-11-09,2016-11-05,924,Green Party,51,29,22,21,21,8,40,11,0,35,12,4,0,48,2,22
2016-11-09,2016-11-01,2016-11-09,2016-11-05,924,Sinn Féin,368,174,194,169,121,78,96,270,2,91,143,87,48,195,173,196
2016-11-09,2016-11-01,2016-11-09,2016-11-05,924,Socialist Party,5,0,5,5,0,0,0,5,0,0,5,0,0,5,0,0
2016-11-09,2016-11-01,2016-11-09,2016-11-05,924,Solidarity/PBP,75,38,37,34,23,17,43,32,0,42,9,23,1,70,5,29
2016-11-09,2016-11-01,2016-11-09,2016-11-05,924,RENUA,4,3,1,3,1,0,0,4,0,0,1,3,0,1,3,1
2016-11-09,2016-11-01,2016-11-09,2016-11-05,924,Social Democrats,7,2,4,2,3,2,6,0,0,2,4,0,0,4,2,3
2016-11-09,2016-11-01,2016-11-09,2016-11-05,924,Independent Alliance,97,49,49,26,32,40,67,24,6,46,15,23,13,65,32,23
2016-11-09,2016-11-01,2016-11-09,2016-11-05,924,Other Independent Candidate,230,109,121,38,121,71,107,94,29,68,61,78,24,95,135,111
2017-01-16,2017-01-03,2017-01-16,2017-01-09,921,Fianna Fáil,601,334,266,169,216,216,265,289,46,141,187,173,101,340,261,190
2017-01-16,2017-01-03,2017-01-16,2017-01-09,921,Fine Gael,491,269,222,89,189,213,186,237,68,83,100,145,163,235,256,189
2017-01-16,2017-01-03,2017-01-16,2017-01-09,921,Labour,96,39,58,5,46,45,53,44,0,50,22,10,15,69,27,56
2017-01-16,2017-01-03,2017-01-16,2017-01-09,921,Green Party,56,21,35,11,42,3,25,31,0,12,3,19,21,25,31,10
2017-01-16,2017-01-03,2017-01-16,2017-01-09,921,Sinn Féin,349,213,136,139,126,85,121,204,24,125,117,67,40,244,106,215
2017-01-16,2017-01-03,2017-01-16,2017-01-09,921,Socialist Party,6,0,6,0,6,0,6,0,0,0,6,0,0,6,0,0
2017-01-16,2017-01-03,2017-01-16,2017-01-09,921,Solidarity/PBP,107,43,64,23,36,47,32,75,0,51,23,20,14,56,51,57
2017-01-16,2017-01-03,2017-01-16,2017-01-09,921,RENUA,0,0,0,0,0,0,0,0,0,0,0,0,0,0,0,0
2017-01-16,2017-01-03,2017-01-16,2017-01-09,921,Social Democrats,25,20,4,14,7,4,23,2,0,18,5,0,2,23,2,12
2017-01-16,2017-01-03,2017-01-16,2017-01-09,921,Independent Alliance,54,18,36,8,28,18,30,13,11,12,11,8,23,25,28,14
2017-01-16,2017-01-03,2017-01-16,2017-01-09,921,Other Independent Candidate,307,136,171,102,111,94,106,194,7,104,40,129,34,211,96,186
2017-02-11,2017-01-31,2017-02-08,2017-02-04,955,Fianna Fáil,695,355,340,197,192,305,296,320,79,144,124,298,129,415,280,211
2017-02-11,2017-01-31,2017-02-08,2017-02-04,955,Fine Gael,461,260,201,92,132,237,203,217,41,123,107,113,117,270,191,144
2017-02-11,2017-01-31,2017-02-08,2017-02-04,955,Labour,126,72,54,33,70,23,61,66,0,44,30,46,6,99,27,44
2017-02-11,2017-01-31,2017-02-08,2017-02-04,955,Green Party,52,30,22,7,26,19,36,17,0,9,20,8,14,36,16,8
2017-02-11,2017-01-31,2017-02-08,2017-02-04,955,Sinn Féin,417,241,176,145,210,62,146,260,11,100,134,113,70,260,157,167
2017-02-11,2017-01-31,2017-02-08,2017-02-04,955,Socialist Party,0,0,0,0,0,0,0,0,0,0,0,0,0,0,0,0
2017-02-11,2017-01-31,2017-02-08,2017-02-04,955,Solidarity/PBP,75,11,65,41,20,14,14,61,0,70,3,2,0,74,1,43
2017-02-11,2017-01-31,2017-02-08,2017-02-04,955,RENUA,9,0,9,9,0,0,9,0,0,9,0,0,0,9,0,0
2017-02-11,2017-01-31,2017-02-08,2017-02-04,955,Social Democrats,43,26,17,39,4,0,39,5,0,30,4,5,4,36,7,2
2017-02-11,2017-01-31,2017-02-08,2017-02-04,955,Independent Alliance,115,60,54,5,87,23,84,28,3,70,7,22,16,72,43,6
2017-02-11,2017-01-31,2017-02-08,2017-02-04,955,Workers Party,11,3,8,0,11,0,4,7,0,0,1,3,7,1,10,8
2017-02-11,2017-01-31,2017-02-08,2017-02-04,955,Other Independent Candidate,174,49,125,28,76,70,68,96,9,28,29,73,44,82,91,63
2017-03-08,2017-02-28,2017-03-08,2017-03-04,934,Fianna Fáil,563,265,297,148,193,222,220,282,61,127,165,140,131,320,243,236
2017-03-08,2017-02-28,2017-03-08,2017-03-04,934,Fine Gael,454,274,179,112,135,207,236,170,48,127,120,137,70,288,166,101
2017-03-08,2017-02-28,2017-03-08,2017-03-04,934,Labour,125,67,58,43,44,38,70,46,10,51,20,50,3,84,41,26
2017-03-08,2017-02-28,2017-03-08,2017-03-04,934,Green Party,37,22,15,10,24,2,16,21,0,31,2,3,0,37,0,2
2017-03-08,2017-02-28,2017-03-08,2017-03-04,934,Sinn Féin,467,235,231,166,156,145,153,286,28,141,148,111,67,311,156,194
2017-03-08,2017-02-28,2017-03-08,2017-03-04,934,Socialist Party,4,1,4,0,4,0,4,0,0,4,0,0,0,4,0,4
2017-03-08,2017-02-28,2017-03-08,2017-03-04,934,Solidarity/PBP,45,20,24,8,16,21,15,30,0,19,7,13,5,37,7,16
2017-03-08,2017-02-28,2017-03-08,2017-03-04,934,RENUA,3,0,3,3,0,0,3,0,0,0,3,0,0,0,3,3
2017-03-08,2017-02-28,2017-03-08,2017-03-04,934,Social Democrats,19,10,9,0,4,16,4,16,0,2,15,3,0,5,15,10
2017-03-08,2017-02-28,2017-03-08,2017-03-04,934,Independent Alliance,112,64,48,29,51,32,62,51,0,46,30,34,1,67,45,21
2017-03-08,2017-02-28,2017-03-08,2017-03-04,934,Workers Party,28,0,28,0,23,5,12,16,0,0,8,13,7,5,23,12
2017-03-08,2017-02-28,2017-03-08,2017-03-04,934,Other Independent Candidate,165,89,77,43,87,35,115,30,21,13,46,76,30,51,114,38
2017-04-11,2017-03-30,2017-04-11,2017-04-05,937,Fianna Fáil,604,334,270,84,257,264,195,369,41,166,152,170,117,338,266,148
2017-04-11,2017-03-30,2017-04-11,2017-04-05,937,Fine Gael,614,372,242,192,226,196,407,154,52,244,119,132,119,425,189,159
2017-04-11,2017-03-30,2017-04-11,2017-04-05,937,Labour,100,61,38,19,37,44,51,48,0,36,40,22,2,74,26,41
2017-04-11,2017-03-30,2017-04-11,2017-04-05,937,Green Party,35,1,34,2,28,5,20,15,0,17,17,1,0,28,6,15
2017-04-11,2017-03-30,2017-04-11,2017-04-05,937,Sinn Féin,389,191,198,168,152,69,124,261,4,125,88,88,88,241,148,169
2017-04-11,2017-03-30,2017-04-11,2017-04-05,937,Socialist Party,26,18,7,0,25,1,7,18,0,26,0,0,0,26,0,0
2017-04-11,2017-03-30,2017-04-11,2017-04-05,937,Solidarity/PBP,37,10,27,11,13,13,19,19,0,29,7,0,2,35,3,13
2017-04-11,2017-03-30,2017-04-11,2017-04-05,937,RENUA,1,0,1,0,0,1,0,0,1,0,0,1,0,0,1,0
2017-04-11,2017-03-30,2017-04-11,2017-04-05,937,Social Democrats,34,28,6,20,13,0,26,8,0,26,2,0,6,34,0,23
2017-04-11,2017-03-30,2017-04-11,2017-04-05,937,Independent Alliance,98,53,45,34,40,24,53,42,2,16,30,47,4,56,43,35
2017-04-11,2017-03-30,2017-04-11,2017-04-05,937,Workers Party,0,0,0,0,0,0,0,0,0,0,0,0,0,0,0,0
2017-04-11,2017-03-30,2017-04-11,2017-04-05,937,Other Independent Candidate,207,76,131,94,58,54,117,56,34,19,11,134,42,120,87,81
2017-05-13,2017-04-27,2017-05-09,2017-05-03,921,Fianna Fáil,576,293,282,113,221,242,258,271,47,140,168,174,94,362,214,166
2017-05-13,2017-04-27,2017-05-09,2017-05-03,921,Fine Gael,591,326,264,132,196,263,274,241,75,191,134,153,113,360,230,146
2017-05-13,2017-04-27,2017-05-09,2017-05-03,921,Labour,89,49,40,19,37,33,35,54,0,23,35,24,8,72,17,54
2017-05-13,2017-04-27,2017-05-09,2017-05-03,921,Green Party,51,31,20,7,25,19,25,26,0,24,19,8,0,42,9,19
2017-05-13,2017-04-27,2017-05-09,2017-05-03,921,Sinn Féin,390,177,213,129,170,91,101,274,16,89,95,121,86,236,155,164
2017-05-13,2017-04-27,2017-05-09,2017-05-03,921,Socialist Party,13,9,4,0,9,4,4,9,0,4,0,0,9,13,0,9
2017-05-13,2017-04-27,2017-05-09,2017-05-03,921,Solidarity/PBP,20,12,8,9,11,0,11,9,0,20,0,0,0,20,0,5
2017-05-13,2017-04-27,2017-05-09,2017-05-03,921,RENUA,27,8,19,3,22,3,19,9,0,0,16,3,9,10,17,13
2017-05-13,2017-04-27,2017-05-09,2017-05-03,921,Social Democrats,24,13,11,0,15,9,16,8,0,13,11,0,0,24,0,10
2017-05-13,2017-04-27,2017-05-09,2017-05-03,921,Independent Alliance,92,49,43,32,38,22,61,31,0,47,29,6,10,81,12,34
2017-05-13,2017-04-27,2017-05-09,2017-05-03,921,Workers Party,3,0,3,0,0,3,3,0,0,0,0,0,3,0,3,0
2017-05-13,2017-04-27,2017-05-09,2017-05-03,921,Other Independent Candidate,263,137,126,59,100,104,138,93,32,69,58,88,48,172,91,104
2017-06-06,2017-05-25,2017-06-06,2017-05-31,938,Fianna Fáil,631,289,342,90,242,300,273,315,43,154,139,202,136,389,242,176
2017-06-06,2017-05-25,2017-06-06,2017-05-31,938,Fine Gael,636,394,243,119,278,239,352,215,69,202,131,166,137,386,251,147
2017-06-06,2017-05-25,2017-06-06,2017-05-31,938,Labour,107,40,66,10,45,51,51,52,4,41,29,30,6,84,23,28
2017-06-06,2017-05-25,2017-06-06,2017-05-31,938,Green Party,55,26,29,23,16,16,34,21,0,17,8,23,7,40,15,12
2017-06-06,2017-05-25,2017-06-06,2017-05-31,938,Sinn Féin,404,209,195,127,162,116,127,269,8,113,139,120,32,248,156,201
2017-06-06,2017-05-25,2017-06-06,2017-05-31,938,Socialist Party,0,0,0,0,0,0,0,0,0,0,0,0,0,0,0,0
2017-06-06,2017-05-25,2017-06-06,2017-05-31,938,Solidarity/PBP,21,7,14,8,7,7,7,15,0,11,0,3,7,14,7,0
2017-06-06,2017-05-25,2017-06-06,2017-05-31,938,RENUA,8,0,8,4,4,0,4,0,4,4,0,4,0,8,0,0
2017-06-06,2017-05-25,2017-06-06,2017-05-31,938,Social Democrats,16,7,9,0,13,3,13,3,0,3,10,3,0,13,3,4
2017-06-06,2017-05-25,2017-06-06,2017-05-31,938,Independent Alliance,107,59,47,18,48,41,55,51,0,49,22,11,25,84,22,46
2017-06-06,2017-05-25,2017-06-06,2017-05-31,938,Workers Party,0,0,0,0,0,0,0,0,0,0,0,0,0,0,0,0
2017-06-06,2017-05-25,2017-06-06,2017-05-31,938,Other Independent Candidate,206,76,130,32,102,72,78,113,14,43,53,81,29,124,81,83
2017-07-11,2017-06-29,2017-07-11,2017-07-05,923,Fianna Fáil,621,280,340,91,223,307,232,350,38,136,183,163,138,354,267,173
2017-07-11,2017-06-29,2017-07-11,2017-07-05,923,Fine Gael,599,327,272,113,279,206,337,201,61,162,156,165,116,349,250,152
2017-07-11,2017-06-29,2017-07-11,2017-07-05,923,Labour,94,44,50,18,49,27,67,28,0,36,41,17,0,77,17,36
2017-07-11,2017-06-29,2017-07-11,2017-07-05,923,Green Party,45,24,20,0,24,21,34,11,0,37,4,3,0,45,0,4
2017-07-11,2017-06-29,2017-07-11,2017-07-05,923,Sinn Féin,370,246,123,138,119,112,166,200,4,68,140,115,47,250,120,169
2017-07-11,2017-06-29,2017-07-11,2017-07-05,923,Socialist Party,3,0,3,0,0,3,0,3,0,3,0,0,0,3,0,0
2017-07-11,2017-06-29,2017-07-11,2017-07-05,923,Solidarity/PBP,44,28,16,9,23,12,16,28,0,16,22,4,2,36,8,14
2017-07-11,2017-06-29,2017-07-11,2017-07-05,923,RENUA,3,0,3,0,0,3,3,0,0,3,0,0,0,3,0,0
2017-07-11,2017-06-29,2017-07-11,2017-07-05,923,Social Democrats,26,15,11,10,13,3,13,14,0,26,0,0,0,26,0,3
2017-07-11,2017-06-29,2017-07-11,2017-07-05,923,Independent Alliance,89,28,61,24,37,28,44,45,0,10,22,25,32,52,37,33
2017-07-11,2017-06-29,2017-07-11,2017-07-05,923,Workers Party,0,0,0,0,0,0,0,0,0,0,0,0,0,0,0,0
2017-07-11,2017-06-29,2017-07-11,2017-07-05,923,Other Independent Candidate,188,102,85,19,88,81,66,112,10,27,46,71,44,125,62,101
2017-09-17,2017-08-31,2017-09-12,2017-09-06,937,Fianna Fáil,532,268,264,82,151,298,197,286,49,118,122,165,127,328,204,164
2017-09-17,2017-08-31,2017-09-12,2017-09-06,937,Fine Gael,708,360,348,148,281,279,357,273,78,237,156,202,114,434,274,186
2017-09-17,2017-08-31,2017-09-12,2017-09-06,937,Labour,103,39,64,28,50,25,48,55,0,32,34,21,16,84,19,35
2017-09-17,2017-08-31,2017-09-12,2017-09-06,937,Green Party,47,6,41,10,27,10,40,7,0,11,10,14,11,34,14,24
2017-09-17,2017-08-31,2017-09-12,2017-09-06,937,Sinn Féin,397,245,152,117,174,106,121,267,9,97,155,92,53,272,125,184
2017-09-17,2017-08-31,2017-09-12,2017-09-06,937,Socialist Party,8,8,0,8,0,0,4,4,0,4,4,0,0,4,4,4
2017-09-17,2017-08-31,2017-09-12,2017-09-06,937,Solidarity/PBP,28,11,17,4,13,12,17,12,0,20,6,3,0,28,0,12
2017-09-17,2017-08-31,2017-09-12,2017-09-06,937,RENUA,0,0,0,0,0,0,0,0,0,0,0,0,0,0,0,0
2017-09-17,2017-08-31,2017-09-12,2017-09-06,937,Social Democrats,20,12,8,17,3,0,15,5,0,9,5,6,0,20,0,9
2017-09-17,2017-08-31,2017-09-12,2017-09-06,937,Independent Alliance,63,20,43,4,36,23,38,21,4,17,7,33,7,51,12,26
2017-09-17,2017-08-31,2017-09-12,2017-09-06,937,Workers Party,0,0,0,0,0,0,0,0,0,0,0,0,0,0,0,0
2017-09-17,2017-08-31,2017-09-12,2017-09-06,937,Other Independent Candidate,222,110,112,68,73,82,94,108,20,27,36,77,82,92,131,107
2017-10-15,2017-10-02,2017-10-10,2017-10-06,915,Fianna Fáil,588,271,316,97,189,302,245,305,38,174,138,170,106,360,228,181
2017-10-15,2017-10-02,2017-10-10,2017-10-06,915,Fine Gael,668,314,354,120,252,296,320,289,60,185,165,174,145,366,302,195
2017-10-15,2017-10-02,2017-10-10,2017-10-06,915,Labour,94,42,51,19,34,40,62,31,0,33,20,36,5,74,20,35
2017-10-15,2017-10-02,2017-10-10,2017-10-06,915,Green Party,47,44,4,10,34,3,47,0,0,3,18,24,2,21,26,20
2017-10-15,2017-10-02,2017-10-10,2017-10-06,915,Sinn Féin,415,258,157,146,152,117,139,249,27,131,135,91,58,297,118,197
2017-10-15,2017-10-02,2017-10-10,2017-10-06,915,Socialist Party,0,0,0,0,0,0,0,0,0,0,0,0,0,0,0,0
2017-10-15,2017-10-02,2017-10-10,2017-10-06,915,Solidarity/PBP,31,12,19,15,10,5,7,24,0,17,10,0,4,26,5,3
2017-10-15,2017-10-02,2017-10-10,2017-10-06,915,RENUA,8,0,8,8,0,0,0,8,0,0,8,0,0,0,8,8
2017-10-15,2017-10-02,2017-10-10,2017-10-06,915,Social Democrats,19,9,11,10,7,3,17,3,0,10,9,0,0,16,3,3
2017-10-15,2017-10-02,2017-10-10,2017-10-06,915,Independent Alliance,65,40,24,0,35,30,39,26,0,20,13,21,10,48,17,27
2017-10-15,2017-10-02,2017-10-10,2017-10-06,915,Workers Party,0,0,0,0,0,0,0,0,0,0,0,0,0,0,0,0
2017-10-15,2017-10-02,2017-10-10,2017-10-06,915,Other Independent Candidate,252,100,152,57,114,81,108,130,14,36,60,118,37,145,107,112
2017-11-12,2017-10-26,2017-11-07,2017-11-01,919,Fianna Fáil,651,340,311,92,228,330,257,344,50,113,193,196,149,332,318,227
2017-11-12,2017-10-26,2017-11-07,2017-11-01,919,Fine Gael,706,342,364,110,290,306,366,260,80,248,161,173,124,416,290,210
2017-11-12,2017-10-26,2017-11-07,2017-11-01,919,Labour,67,27,40,8,36,22,39,28,0,34,16,16,0,62,5,27
2017-11-12,2017-10-26,2017-11-07,2017-11-01,919,Green Party,43,35,8,10,25,8,29,14,0,40,0,3,0,43,0,13
2017-11-12,2017-10-26,2017-11-07,2017-11-01,919,Sinn Féin,282,176,106,116,103,63,77,189,16,68,60,78,76,188,94,75
2017-11-12,2017-10-26,2017-11-07,2017-11-01,919,Socialist Party,12,5,7,0,7,5,7,5,0,5,0,0,7,12,0,5
2017-11-12,2017-10-26,2017-11-07,2017-11-01,919,Solidarity/PBP,33,23,10,11,15,7,7,25,0,33,0,0,0,33,0,7
2017-11-12,2017-10-26,2017-11-07,2017-11-01,919,RENUA,4,4,0,0,0,4,0,4,0,4,0,0,0,4,0,4
2017-11-12,2017-10-26,2017-11-07,2017-11-01,919,Social Democrats,24,21,3,12,10,3,19,4,0,9,15,0,0,20,4,9
2017-11-12,2017-10-26,2017-11-07,2017-11-01,919,Independent Alliance,72,34,38,18,28,26,20,42,10,16,23,13,20,43,29,12
2017-11-12,2017-10-26,2017-11-07,2017-11-01,919,Workers Party,0,0,0,0,0,0,0,0,0,0,0,0,0,0,0,0
2017-11-12,2017-10-26,2017-11-07,2017-11-01,919,Other Independent Candidate,175,65,110,29,98,49,80,80,15,32,41,55,47,85,89,89
2017-12-24,2017-12-11,2017-12-19,2017-12-15,913,Fianna Fáil,523,255,268,97,194,232,191,296,35,83,158,182,100,290,233,157
2017-12-24,2017-12-11,2017-12-19,2017-12-15,913,Fine Gael,687,300,386,99,268,320,373,237,76,228,142,184,132,435,252,200
2017-12-24,2017-12-11,2017-12-19,2017-12-15,913,Labour,109,43,65,17,66,26,53,56,0,47,43,9,10,86,23,51
2017-12-24,2017-12-11,2017-12-19,2017-12-15,913,Green Party,47,36,12,14,31,3,44,3,0,34,3,0,10,41,6,10
2017-12-24,2017-12-11,2017-12-19,2017-12-15,913,Sinn Féin,338,212,126,111,129,98,120,203,15,89,67,115,67,226,112,100
2017-12-24,2017-12-11,2017-12-19,2017-12-15,913,Socialist Party,9,4,5,0,9,0,0,9,0,4,0,5,0,9,0,0
2017-12-24,2017-12-11,2017-12-19,2017-12-15,913,Solidarity/PBP,40,29,10,0,13,26,15,24,0,31,4,0,4,31,8,23
2017-12-24,2017-12-11,2017-12-19,2017-12-15,913,RENUA,0,0,0,0,0,0,0,0,0,0,0,0,0,0,0,0
2017-12-24,2017-12-11,2017-12-19,2017-12-15,913,Social Democrats,49,37,13,19,22,9,32,17,0,27,9,8,6,36,14,18
2017-12-24,2017-12-11,2017-12-19,2017-12-15,913,Independent Alliance,80,49,31,35,35,10,46,29,5,35,25,19,0,74,5,35
2017-12-24,2017-12-11,2017-12-19,2017-12-15,913,Workers Party,0,0,0,0,0,0,0,0,0,0,0,0,0,0,0,0
2017-12-24,2017-12-11,2017-12-19,2017-12-15,913,Other Independent Candidate,165,64,101,27,93,45,79,77,9,22,62,39,42,105,60,84
2018-01-16,2018-01-04,2018-01-16,2018-01-10,920,Fianna Fáil,553,277,276,93,191,269,236,280,36,120,129,188,116,360,193,197
2018-01-16,2018-01-04,2018-01-16,2018-01-10,920,Fine Gael,659,318,341,157,246,256,330,264,65,216,184,158,101,372,287,219
2018-01-16,2018-01-04,2018-01-16,2018-01-10,920,Labour,119,59,60,31,45,43,50,63,6,43,53,19,4,80,39,50
2018-01-16,2018-01-04,2018-01-16,2018-01-10,920,Green Party,38,12,26,7,19,13,31,7,0,22,13,0,4,38,0,12
2018-01-16,2018-01-04,2018-01-16,2018-01-10,920,Sinn Féin,378,200,178,121,142,115,120,243,15,75,108,121,74,269,109,129
2018-01-16,2018-01-04,2018-01-16,2018-01-10,920,Socialist Party,0,0,0,0,0,0,0,0,0,0,0,0,0,0,0,0
2018-01-16,2018-01-04,2018-01-16,2018-01-10,920,Solidarity/PBP,51,27,24,19,12,20,31,20,0,29,10,0,13,51,0,4
2018-01-16,2018-01-04,2018-01-16,2018-01-10,920,RENUA,2,0,2,0,0,2,2,0,0,0,2,0,0,2,0,0
2018-01-16,2018-01-04,2018-01-16,2018-01-10,920,Social Democrats,13,4,9,9,0,3,9,3,0,4,9,0,0,13,0,0
2018-01-16,2018-01-04,2018-01-16,2018-01-10,920,Independent Alliance,87,49,38,21,41,25,48,39,0,22,29,17,19,48,39,23
2018-01-16,2018-01-04,2018-01-16,2018-01-10,920,Workers Party,12,4,9,0,6,7,3,9,0,7,0,6,0,12,0,0
2018-01-16,2018-01-04,2018-01-16,2018-01-10,920,Other Independent Candidate,181,100,80,52,90,39,69,89,23,25,35,63,58,69,112,104
2018-02-13,2018-02-01,2018-02-13,2018-02-07,926,Fianna Fáil,528,287,241,111,187,230,233,263,32,107,147,172,103,283,245,148
2018-02-13,2018-02-01,2018-02-13,2018-02-07,926,Fine Gael,759,380,379,155,267,338,373,292,94,257,187,183,132,448,311,212
2018-02-13,2018-02-01,2018-02-13,2018-02-07,926,Labour,104,34,70,24,52,29,58,42,4,43,26,35,0,74,30,39
2018-02-13,2018-02-01,2018-02-13,2018-02-07,926,Green Party,28,6,22,5,15,9,28,0,0,17,8,4,0,20,8,14
2018-02-13,2018-02-01,2018-02-13,2018-02-07,926,Sinn Féin,336,206,130,109,147,80,95,232,9,97,92,83,64,220,116,175
2018-02-13,2018-02-01,2018-02-13,2018-02-07,926,Socialist Party,0,0,0,0,0,0,0,0,0,0,0,0,0,0,0,0
2018-02-13,2018-02-01,2018-02-13,2018-02-07,926,Solidarity/PBP,61,29,32,17,39,5,21,30,10,26,18,7,10,38,24,31
2018-02-13,2018-02-01,2018-02-13,2018-02-07,926,RENUA,9,0,9,0,3,6,9,0,0,0,3,0,6,3,6,3
2018-02-13,2018-02-01,2018-02-13,2018-02-07,926,Social Democrats,11,3,8,5,3,3,8,3,0,11,0,0,0,11,0,5
2018-02-13,2018-02-01,2018-02-13,2018-02-07,926,Independent Alliance,92,47,45,9,49,33,52,35,5,61,19,8,4,77,15,22
2018-02-13,2018-02-01,2018-02-13,2018-02-07,926,Workers Party,0,0,0,0,0,0,0,0,0,0,0,0,0,0,0,0
2018-02-13,2018-02-01,2018-02-13,2018-02-07,926,Other Independent Candidate,191,87,104,32,74,86,71,111,10,10,49,64,68,113,78,86
2018-03-13,2018-03-06,2018-03-13,2018-03-09,900,Fianna Fáil,547,311,236,131,179,237,245,250,52,139,134,158,117,327,221,156
2018-03-13,2018-03-06,2018-03-13,2018-03-09,900,Fine Gael,663,375,287,141,238,284,337,262,64,254,118,207,84,418,245,237
2018-03-13,2018-03-06,2018-03-13,2018-03-09,900,Labour,124,52,73,26,47,51,53,71,0,59,37,25,3,91,34,61
2018-03-13,2018-03-06,2018-03-13,2018-03-09,900,Green Party,44,22,22,10,25,9,28,17,0,21,9,8,7,29,15,27
2018-03-13,2018-03-06,2018-03-13,2018-03-09,900,Sinn Féin,386,216,170,91,186,110,136,243,7,80,120,99,87,223,163,179
2018-03-13,2018-03-06,2018-03-13,2018-03-09,900,Socialist Party,0,0,0,0,0,0,0,0,0,0,0,0,0,0,0,0
2018-03-13,2018-03-06,2018-03-13,2018-03-09,900,Solidarity/PBP,14,7,7,0,11,4,11,4,0,11,0,3,0,11,3,7
2018-03-13,2018-03-06,2018-03-13,2018-03-09,900,RENUA,12,12,0,0,5,7,5,7,0,12,0,0,0,12,0,0
2018-03-13,2018-03-06,2018-03-13,2018-03-09,900,Social Democrats,6,6,0,6,0,0,0,6,0,0,0,6,0,6,0,0
2018-03-13,2018-03-06,2018-03-13,2018-03-09,900,Independent Alliance,59,11,48,0,37,23,24,27,9,16,13,8,13,47,13,13
2018-03-13,2018-03-06,2018-03-13,2018-03-09,900,Workers Party,0,0,0,0,0,0,0,0,0,0,0,0,0,0,0,0
2018-03-13,2018-03-06,2018-03-13,2018-03-09,900,Other Independent Candidate,201,61,141,38,83,81,81,115,5,43,56,53,50,141,61,110
2018-04-19,2018-04-05,2018-04-17,2018-04-11,928,Fianna Fáil,513,243,271,84,147,282,171,292,50,88,144,146,136,256,257,129
2018-04-19,2018-04-05,2018-04-17,2018-04-11,928,Fine Gael,684,360,324,138,273,273,365,251,68,263,153,178,90,490,194,217
2018-04-19,2018-04-05,2018-04-17,2018-04-11,928,Labour,128,70,58,18,56,54,38,81,9,65,25,27,11,91,37,36
2018-04-19,2018-04-05,2018-04-17,2018-04-11,928,Green Party,36,16,19,15,13,8,31,5,0,18,9,0,8,31,5,3
2018-04-19,2018-04-05,2018-04-17,2018-04-11,928,Sinn Féin,421,194,227,133,196,92,153,259,9,118,95,136,72,284,138,160
2018-04-19,2018-04-05,2018-04-17,2018-04-11,928,Socialist Party,5,0,5,0,5,0,5,0,0,0,0,0,5,0,5,5
2018-04-19,2018-04-05,2018-04-17,2018-04-11,928,Solidarity/PBP,26,16,10,4,18,4,15,11,0,23,0,0,3,23,3,14
2018-04-19,2018-04-05,2018-04-17,2018-04-11,928,RENUA,11,9,2,0,2,9,7,5,0,9,2,0,0,11,0,0
2018-04-19,2018-04-05,2018-04-17,2018-04-11,928,Social Democrats,13,6,7,0,10,3,13,0,0,7,4,0,3,13,0,6
2018-04-19,2018-04-05,2018-04-17,2018-04-11,928,Independent Alliance,49,16,34,24,15,10,27,22,0,12,16,22,0,46,3,9
2018-04-19,2018-04-05,2018-04-17,2018-04-11,928,Workers Party,0,0,0,0,0,0,0,0,0,0,0,0,0,0,0,0
2018-04-19,2018-04-05,2018-04-17,2018-04-11,928,Other Independent Candidate,165,97,67,26,77,62,70,84,10,16,36,52,60,67,98,81
2018-05-15,2018-05-03,2018-05-15,2018-05-09,935,Fianna Fáil,469,198,272,107,140,222,203,211,56,90,149,124,106,255,214,155
2018-05-15,2018-05-03,2018-05-15,2018-05-09,935,Fine Gael,604,292,312,148,213,244,309,221,74,188,182,158,76,386,218,209
2018-05-15,2018-05-03,2018-05-15,2018-05-09,935,Labour,85,45,40,4,28,53,32,53,0,39,15,24,7,67,18,25
2018-05-15,2018-05-03,2018-05-15,2018-05-09,935,Green Party,49,27,22,14,19,16,16,33,0,24,6,5,13,34,15,12
2018-05-15,2018-05-03,2018-05-15,2018-05-09,935,Sinn Féin,479,278,201,136,212,131,164,303,12,140,97,144,97,337,142,188
2018-05-15,2018-05-03,2018-05-15,2018-05-09,935,Socialist Party,3,0,3,0,3,0,0,3,0,3,0,0,0,3,0,0
2018-05-15,2018-05-03,2018-05-15,2018-05-09,935,Solidarity/PBP,31,28,2,8,9,14,14,17,0,13,3,0,14,17,14,0
2018-05-15,2018-05-03,2018-05-15,2018-05-09,935,RENUA,0,0,0,0,0,0,0,0,0,0,0,0,0,0,0,0
2018-05-15,2018-05-03,2018-05-15,2018-05-09,935,Social Democrats,23,7,16,4,16,4,16,4,4,9,7,0,7,16,7,0
2018-05-15,2018-05-03,2018-05-15,2018-05-09,935,Independent Alliance,53,23,30,17,36,0,21,32,0,18,11,14,9,37,16,12
2018-05-15,2018-05-03,2018-05-15,2018-05-09,935,Workers Party,0,0,0,0,0,0,0,0,0,0,0,0,0,0,0,0
2018-05-15,2018-05-03,2018-05-15,2018-05-09,935,Other Independent Candidate,202,87,115,49,102,51,105,79,18,22,60,53,68,118,84,134
2018-06-12,2018-05-31,2018-06-12,2018-06-06,931,Fianna Fáil,506,233,273,93,176,237,189,287,31,88,114,190,115,286,220,146
2018-06-12,2018-05-31,2018-06-12,2018-06-06,931,Fine Gael,662,393,269,130,256,277,329,255,79,194,190,198,81,391,271,235
2018-06-12,2018-05-31,2018-06-12,2018-06-06,931,Labour,84,42,42,10,28,46,41,43,0,36,29,15,3,67,17,26
2018-06-12,2018-05-31,2018-06-12,2018-06-06,931,Green Party,44,17,27,14,23,7,19,26,0,34,6,5,0,39,6,40
2018-06-12,2018-05-31,2018-06-12,2018-06-06,931,Sinn Féin,505,269,236,202,163,140,199,289,17,153,139,119,94,332,173,161
2018-06-12,2018-05-31,2018-06-12,2018-06-06,931,Socialist Party,0,0,0,0,0,0,0,0,0,0,0,0,0,0,0,0
2018-06-12,2018-05-31,2018-06-12,2018-06-06,931,Solidarity/PBP,50,28,23,18,21,12,19,27,5,24,0,5,21,30,20,9
2018-06-12,2018-05-31,2018-06-12,2018-06-06,931,RENUA,0,0,0,0,0,0,0,0,0,0,0,0,0,0,0,0
2018-06-12,2018-05-31,2018-06-12,2018-06-06,931,Social Democrats,20,3,17,5,8,7,9,11,0,7,8,5,0,15,5,3
2018-06-12,2018-05-31,2018-06-12,2018-06-06,931,Independent Alliance,67,45,22,16,35,16,33,34,0,17,11,15,24,38,29,14
2018-06-12,2018-05-31,2018-06-12,2018-06-06,931,Workers Party,0,0,0,0,0,0,0,0,0,0,0,0,0,0,0,0
2018-06-12,2018-05-31,2018-06-12,2018-06-06,931,Other Independent Candidate,183,64,119,34,74,75,80,88,15,22,51,64,47,98,85,119
2018-07-17,2018-07-05,2018-07-17,2018-07-11,931,Fianna Fáil,452,226,227,73,137,243,151,242,59,113,115,111,114,240,213,100
2018-07-17,2018-07-05,2018-07-17,2018-07-11,931,Fine Gael,750,354,396,171,308,272,395,295,61,247,212,177,115,457,293,270
2018-07-17,2018-07-05,2018-07-17,2018-07-11,931,Labour,76,26,49,9,39,28,46,29,0,32,16,18,9,59,16,38
2018-07-17,2018-07-05,2018-07-17,2018-07-11,931,Green Party,50,24,27,20,13,17,24,26,0,14,13,13,11,42,9,25
2018-07-17,2018-07-05,2018-07-17,2018-07-11,931,Sinn Féin,489,278,211,141,187,162,171,295,23,145,160,129,55,317,172,170
2018-07-17,2018-07-05,2018-07-17,2018-07-11,931,Socialist Party,10,5,5,10,0,0,0,10,0,10,0,0,0,10,0,0
2018-07-17,2018-07-05,2018-07-17,2018-07-11,931,Solidarity/PBP,22,13,9,5,9,8,12,10,0,22,0,0,0,22,0,0
2018-07-17,2018-07-05,2018-07-17,2018-07-11,931,RENUA,0,0,0,0,0,0,0,0,0,0,0,0,0,0,0,0
2018-07-17,2018-07-05,2018-07-17,2018-07-11,931,Social Democrats,21,18,4,18,4,0,16,6,0,10,0,12,0,15,7,7
2018-07-17,2018-07-05,2018-07-17,2018-07-11,931,Independent Alliance,98,49,49,13,71,14,53,41,4,27,19,17,34,60,38,24
2018-07-17,2018-07-05,2018-07-17,2018-07-11,931,Workers Party,6,6,0,6,0,0,0,6,0,0,0,6,0,0,6,6
2018-07-17,2018-07-05,2018-07-17,2018-07-11,931,Other Independent Candidate,218,108,110,36,88,94,100,108,11,26,63,89,39,123,95,101
2018-09-18,2018-09-06,2018-09-18,2018-09-12,940,Fianna Fáil,524,289,235,80,172,272,238,245,41,121,152,142,109,327,197,155
2018-09-18,2018-09-06,2018-09-18,2018-09-12,940,Fine Gael,679,376,303,146,263,270,323,278,78,201,174,156,148,456,223,217
2018-09-18,2018-09-06,2018-09-18,2018-09-12,940,Labour,113,61,52,17,45,50,61,52,0,36,36,35,5,87,26,55
2018-09-18,2018-09-06,2018-09-18,2018-09-12,940,Green Party,56,38,18,16,21,19,22,34,0,36,0,3,17,40,16,18
2018-09-18,2018-09-06,2018-09-18,2018-09-12,940,Sinn Féin,427,222,206,124,180,123,161,259,7,148,105,115,61,312,116,162
2018-09-18,2018-09-06,2018-09-18,2018-09-12,940,Socialist Party,0,0,0,0,0,0,0,0,0,0,0,0,0,0,0,0
2018-09-18,2018-09-06,2018-09-18,2018-09-12,940,Solidarity/PBP,53,28,24,20,18,14,24,28,0,30,3,16,3,53,0,20
2018-09-18,2018-09-06,2018-09-18,2018-09-12,940,RENUA,0,0,0,0,0,0,0,0,0,0,0,0,0,0,0,0
2018-09-18,2018-09-06,2018-09-18,2018-09-12,940,Social Democrats,3,0,3,0,3,0,3,0,0,0,0,3,0,3,0,0
2018-09-18,2018-09-06,2018-09-18,2018-09-12,940,Independent Alliance,80,33,47,12,34,34,40,26,14,46,7,6,21,67,13,35
2018-09-18,2018-09-06,2018-09-18,2018-09-12,940,Workers Party,0,0,0,0,0,0,0,0,0,0,0,0,0,0,0,0
2018-09-18,2018-09-06,2018-09-18,2018-09-12,940,Other Independent Candidate,161,73,87,38,72,50,62,85,13,31,53,65,12,118,42,90
2018-10-16,2018-10-05,2018-10-16,2018-10-10,940,Fianna Fáil,584,316,268,87,227,270,185,348,50,126,180,179,99,359,226,174
2018-10-16,2018-10-05,2018-10-16,2018-10-10,940,Fine Gael,662,338,324,133,260,269,376,216,70,238,137,184,103,448,215,197
2018-10-16,2018-10-05,2018-10-16,2018-10-10,940,Labour,124,62,62,18,57,49,89,35,0,78,40,3,3,114,10,53
2018-10-16,2018-10-05,2018-10-16,2018-10-10,940,Green Party,52,14,38,20,21,10,34,17,0,32,11,6,3,46,6,11
2018-10-16,2018-10-05,2018-10-16,2018-10-10,940,Sinn Féin,409,200,209,144,150,114,147,253,9,127,85,128,69,283,126,151
2018-10-16,2018-10-05,2018-10-16,2018-10-10,940,Socialist Party,6,0,6,0,0,6,0,6,0,6,0,0,0,6,0,0
2018-10-16,2018-10-05,2018-10-16,2018-10-10,940,Solidarity/PBP,46,17,29,24,16,7,18,28,0,10,25,6,6,18,29,21
2018-10-16,2018-10-05,2018-10-16,2018-10-10,940,RENUA,6,6,0,6,0,0,6,0,0,6,0,0,0,6,0,0
2018-10-16,2018-10-05,2018-10-16,2018-10-10,940,Social Democrats,8,3,5,5,0,3,3,5,0,0,5,0,3,5,3,5
2018-10-16,2018-10-05,2018-10-16,2018-10-10,940,Independent Alliance,39,11,28,12,13,14,5,27,7,9,11,12,7,32,7,13
2018-10-16,2018-10-05,2018-10-16,2018-10-10,940,Workers Party,0,0,0,0,0,0,0,0,0,0,0,0,0,0,0,0
2018-10-16,2018-10-05,2018-10-16,2018-10-10,940,Other Independent Candidate,202,113,90,19,101,82,100,89,13,20,34,104,44,120,83,92
2018-11-13,2018-11-01,2018-11-13,2018-11-07,905,Fianna Fáil,567,290,277,123,147,296,205,304,58,103,159,179,126,337,230,159
2018-11-13,2018-11-01,2018-11-13,2018-11-07,905,Fine Gael,620,312,309,117,239,264,297,269,55,213,168,145,94,429,191,221
2018-11-13,2018-11-01,2018-11-13,2018-11-07,905,Labour,123,48,75,27,43,53,76,47,0,74,31,14,3,103,20,54
2018-11-13,2018-11-01,2018-11-13,2018-11-07,905,Green Party,21,17,3,0,5,15,15,3,3,3,5,13,0,17,3,3
2018-11-13,2018-11-01,2018-11-13,2018-11-07,905,Sinn Féin,473,268,205,151,217,106,183,266,24,150,130,119,73,363,111,181
2018-11-13,2018-11-01,2018-11-13,2018-11-07,905,Socialist Party,3,0,3,3,0,0,0,3,0,3,0,0,0,3,0,0
2018-11-13,2018-11-01,2018-11-13,2018-11-07,905,Solidarity/PBP,46,30,16,19,9,17,36,10,0,43,3,0,0,43,3,14
2018-11-13,2018-11-01,2018-11-13,2018-11-07,905,RENUA,3,0,3,0,3,0,3,0,0,3,0,0,0,3,0,3
2018-11-13,2018-11-01,2018-11-13,2018-11-07,905,Social Democrats,19,9,10,0,16,3,10,3,6,6,7,6,0,6,13,13
2018-11-13,2018-11-01,2018-11-13,2018-11-07,905,Independent Alliance,25,20,5,5,17,2,17,8,0,13,7,5,0,25,0,2
2018-11-13,2018-11-01,2018-11-13,2018-11-07,905,Workers Party,0,0,0,0,0,0,0,0,0,0,0,0,0,0,0,0
2018-11-13,2018-11-01,2018-11-13,2018-11-07,905,Other Independent Candidate,193,90,103,46,74,74,99,90,4,22,40,72,59,91,102,88
2018-12-18,2018-12-06,2018-12-18,2018-12-12,911,Fianna Fáil,576,279,297,102,192,281,264,257,54,127,191,149,109,370,205,211
2018-12-18,2018-12-06,2018-12-18,2018-12-12,911,Fine Gael,604,317,287,92,211,301,305,252,47,211,142,155,96,391,213,175
2018-12-18,2018-12-06,2018-12-18,2018-12-12,911,Labour,93,39,54,17,39,37,40,53,0,46,35,9,3,80,13,46
2018-12-18,2018-12-06,2018-12-18,2018-12-12,911,Green Party,63,31,32,11,26,25,34,29,0,40,5,5,13,46,18,10
2018-12-18,2018-12-06,2018-12-18,2018-12-12,911,Sinn Féin,335,177,157,101,156,78,121,198,16,113,76,88,57,216,119,158
2018-12-18,2018-12-06,2018-12-18,2018-12-12,911,Socialist Party,6,0,6,0,0,6,0,0,6,0,0,0,6,6,0,6
2018-12-18,2018-12-06,2018-12-18,2018-12-12,911,Solidarity/PBP,31,13,18,7,13,11,22,9,0,20,11,0,0,31,0,13
2018-12-18,2018-12-06,2018-12-18,2018-12-12,911,RENUA,0,0,0,0,0,0,0,0,0,0,0,0,0,0,0,0
2018-12-18,2018-12-06,2018-12-18,2018-12-12,911,Social Democrats,30,27,3,0,14,16,20,10,0,5,15,5,5,18,12,7
2018-12-18,2018-12-06,2018-12-18,2018-12-12,911,Independent Alliance,38,20,18,11,18,9,16,18,4,11,13,0,14,29,9,14
2018-12-18,2018-12-06,2018-12-18,2018-12-12,911,Workers Party,0,0,0,0,0,0,0,0,0,0,0,0,0,0,0,0
2018-12-18,2018-12-06,2018-12-18,2018-12-12,911,Other Independent Candidate,188,90,99,35,77,77,91,85,13,35,46,82,26,122,67,76
2019-01-15,2019-01-04,2019-01-15,2019-01-09,907,Fianna Fáil,523,281,242,86,190,247,192,302,29,90,105,209,119,340,183,177
2019-01-15,2019-01-04,2019-01-15,2019-01-09,907,Fine Gael,605,267,338,131,219,255,295,245,65,197,125,145,138,397,208,191
2019-01-15,2019-01-04,2019-01-15,2019-01-09,907,Labour,78,34,44,23,21,35,27,51,0,42,26,10,0,66,12,35
2019-01-15,2019-01-04,2019-01-15,2019-01-09,907,Green Party,43,43,0,9,18,16,10,33,0,32,2,5,4,43,0,5
2019-01-15,2019-01-04,2019-01-15,2019-01-09,907,Sinn Féin,419,216,203,136,175,108,118,289,12,135,84,138,61,329,90,180
2019-01-15,2019-01-04,2019-01-15,2019-01-09,907,Socialist Party,3,0,3,0,0,3,0,3,0,3,0,0,0,3,0,0
2019-01-15,2019-01-04,2019-01-15,2019-01-09,907,Solidarity/PBP,36,29,7,11,19,5,16,19,0,14,7,12,3,28,8,13
2019-01-15,2019-01-04,2019-01-15,2019-01-09,907,RENUA,7,2,5,0,3,4,5,2,0,0,5,0,2,5,2,0
2019-01-15,2019-01-04,2019-01-15,2019-01-09,907,Social Democrats,17,7,10,0,7,9,6,10,0,10,0,0,6,10,6,4
2019-01-15,2019-01-04,2019-01-15,2019-01-09,907,Independent Alliance,43,27,16,8,16,19,33,10,0,16,15,3,8,27,16,24
2019-01-15,2019-01-04,2019-01-15,2019-01-09,907,Workers Party,3,0,3,0,0,3,3,0,0,0,0,3,0,3,0,0
2019-01-15,2019-01-04,2019-01-15,2019-01-09,907,Other Independent Candidate,266,112,154,60,119,86,140,96,30,26,75,91,74,103,162,76
2019-02-12,2019-01-31,2019-02-12,2019-02-06,910,Fianna Fáil,533,294,239,111,163,259,251,241,41,97,176,181,78,306,227,158
2019-02-12,2019-01-31,2019-02-12,2019-02-06,910,Fine Gael,624,312,313,108,227,289,340,210,75,178,150,175,121,388,237,199
2019-02-12,2019-01-31,2019-02-12,2019-02-06,910,Labour,95,39,56,9,53,33,50,38,8,51,30,14,0,76,20,26
2019-02-12,2019-01-31,2019-02-12,2019-02-06,910,Green Party,41,17,24,13,13,15,26,15,0,22,11,0,8,34,7,7
2019-02-12,2019-01-31,2019-02-12,2019-02-06,910,Sinn Féin,379,179,199,139,132,108,157,202,20,130,65,120,64,275,104,103
2019-02-12,2019-01-31,2019-02-12,2019-02-06,910,Socialist Party,18,5,13,0,12,6,5,7,6,12,0,0,6,18,0,5
2019-02-12,2019-01-31,2019-02-12,2019-02-06,910,Solidarity/PBP,36,22,14,17,14,5,12,24,0,13,6,7,11,27,8,8
2019-02-12,2019-01-31,2019-02-12,2019-02-06,910,RENUA,14,14,0,7,0,6,6,7,0,3,3,7,0,14,0,0
2019-02-12,2019-01-31,2019-02-12,2019-02-06,910,Social Democrats,20,13,7,11,5,4,20,0,0,17,0,3,0,20,0,5
2019-02-12,2019-01-31,2019-02-12,2019-02-06,910,Independent Alliance,46,33,12,10,14,22,26,20,0,17,7,11,10,33,13,3
2019-02-12,2019-01-31,2019-02-12,2019-02-06,910,Workers Party,3,0,3,0,0,3,3,0,0,0,3,0,0,3,0,0
2019-02-12,2019-01-31,2019-02-12,2019-02-06,910,Other Independent Candidate,258,117,141,76,123,59,103,142,13,25,72,88,74,148,110,108
2019-03-12,2019-02-28,2019-03-12,2019-03-06,930,Fianna Fáil,551,264,286,78,203,270,247,261,42,110,212,133,95,347,204,214
2019-03-12,2019-02-28,2019-03-12,2019-03-06,930,Fine Gael,678,378,300,126,250,302,363,234,81,218,154,169,137,438,239,263
2019-03-12,2019-02-28,2019-03-12,2019-03-06,930,Labour,101,48,53,18,34,49,46,55,0,41,30,14,17,69,32,57
2019-03-12,2019-02-28,2019-03-12,2019-03-06,930,Green Party,74,36,38,42,14,19,40,34,0,53,5,13,3,74,0,18
2019-03-12,2019-02-28,2019-03-12,2019-03-06,930,Sinn Féin,423,220,203,152,187,84,148,266,9,128,83,137,76,325,98,117
2019-03-12,2019-02-28,2019-03-12,2019-03-06,930,Socialist Party,10,3,8,0,8,3,6,4,0,10,0,0,0,10,0,8
2019-03-12,2019-02-28,2019-03-12,2019-03-06,930,Solidarity/PBP,28,8,20,0,13,16,13,16,0,13,0,0,16,28,0,0
2019-03-12,2019-02-28,2019-03-12,2019-03-06,930,RENUA,10,4,6,6,4,0,10,0,0,6,4,0,0,10,0,0
2019-03-12,2019-02-28,2019-03-12,2019-03-06,930,Social Democrats,10,3,7,7,0,3,0,10,0,3,7,0,0,10,0,3
2019-03-12,2019-02-28,2019-03-12,2019-03-06,930,Independent Alliance,51,19,32,19,22,10,18,33,0,14,14,13,10,39,13,11
2019-03-12,2019-02-28,2019-03-12,2019-03-06,930,Workers Party,3,3,0,0,3,0,3,0,0,0,3,0,0,3,0,0
2019-03-12,2019-02-28,2019-03-12,2019-03-06,930,Other Independent Candidate,255,122,133,51,94,110,71,143,41,14,93,85,63,120,135,147
2019-04-16,2019-04-04,2019-04-16,2019-04-10,933,Fianna Fáil,623,320,304,102,227,294,217,347,60,115,164,193,151,374,249,241
2019-04-16,2019-04-04,2019-04-16,2019-04-10,933,Fine Gael,606,297,309,158,188,260,306,244,55,225,100,161,119,396,210,183
2019-04-16,2019-04-04,2019-04-16,2019-04-10,933,Labour,91,51,40,22,27,41,36,54,0,31,33,23,4,69,22,53
2019-04-16,2019-04-04,2019-04-16,2019-04-10,933,Green Party,32,13,19,0,15,17,19,12,0,26,0,5,0,32,0,7
2019-04-16,2019-04-04,2019-04-16,2019-04-10,933,Sinn Féin,443,250,193,158,201,84,145,288,10,134,126,117,66,316,128,163
2019-04-16,2019-04-04,2019-04-16,2019-04-10,933,Socialist Party,5,0,5,0,5,0,0,5,0,5,0,0,0,5,0,5
2019-04-16,2019-04-04,2019-04-16,2019-04-10,933,Solidarity/PBP,16,5,12,4,9,3,7,9,0,7,5,0,5,12,5,12
2019-04-16,2019-04-04,2019-04-16,2019-04-10,933,RENUA,7,7,0,0,7,0,0,7,0,4,3,0,0,7,0,0
2019-04-16,2019-04-04,2019-04-16,2019-04-10,933,Social Democrats,20,11,9,0,16,4,8,12,0,3,3,9,4,16,4,11
2019-04-16,2019-04-04,2019-04-16,2019-04-10,933,Independent Alliance,92,59,33,23,30,38,43,45,4,46,11,28,8,72,21,29
2019-04-16,2019-04-04,2019-04-16,2019-04-10,933,Workers Party,4,4,0,0,4,0,4,0,0,4,0,0,0,4,0,0
2019-04-16,2019-04-04,2019-04-16,2019-04-10,933,Other Independent Candidate,215,103,112,57,91,67,80,113,22,26,75,70,44,99,117,87
2019-05-14,2019-05-02,2019-05-14,2019-05-08,933,Fianna Fáil,610,327,282,146,187,276,263,297,50,149,190,146,125,367,243,187
2019-05-14,2019-05-02,2019-05-14,2019-05-08,933,Fine Gael,603,284,319,101,220,282,299,239,65,222,153,154,74,363,241,214
2019-05-14,2019-05-02,2019-05-14,2019-05-08,933,Labour,93,28,65,20,26,47,33,56,4,24,37,31,0,55,38,23
2019-05-14,2019-05-02,2019-05-14,2019-05-08,933,Green Party,108,45,62,30,49,29,62,42,4,52,30,16,10,74,34,44
2019-05-14,2019-05-02,2019-05-14,2019-05-08,933,Sinn Féin,400,224,176,131,184,85,138,246,16,119,74,105,102,275,125,143
2019-05-14,2019-05-02,2019-05-14,2019-05-08,933,Socialist Party,0,0,0,0,0,0,0,0,0,0,0,0,0,0,0,0
2019-05-14,2019-05-02,2019-05-14,2019-05-08,933,Solidarity/PBP,60,29,31,21,11,28,32,28,0,43,7,4,5,51,9,12
2019-05-14,2019-05-02,2019-05-14,2019-05-08,933,RENUA,0,0,0,0,0,0,0,0,0,0,0,0,0,0,0,0
2019-05-14,2019-05-02,2019-05-14,2019-05-08,933,Social Democrats,17,13,4,8,3,6,11,6,0,3,10,3,0,14,3,6
2019-05-14,2019-05-02,2019-05-14,2019-05-08,933,Independent Alliance,56,25,32,16,30,10,23,29,5,33,7,12,3,45,11,9
2019-05-14,2019-05-02,2019-05-14,2019-05-08,933,Workers Party,0,0,0,0,0,0,0,0,0,0,0,0,0,0,0,0
2019-05-14,2019-05-02,2019-05-14,2019-05-08,933,Other Independent Candidate,194,103,90,19,92,83,85,95,14,21,57,43,73,87,107,110
2019-06-11,2019-05-31,2019-06-11,2019-06-05,900,Fianna Fáil,610,313,296,92,214,304,188,359,63,130,231,150,99,320,289,196
2019-06-11,2019-05-31,2019-06-11,2019-06-05,900,Fine Gael,514,242,273,87,169,258,244,220,51,175,117,132,91,341,173,177
2019-06-11,2019-05-31,2019-06-11,2019-06-05,900,Labour,108,53,55,8,43,57,63,45,0,44,49,7,7,85,23,55
2019-06-11,2019-05-31,2019-06-11,2019-06-05,900,Green Party,244,101,143,94,113,37,191,40,13,136,51,31,27,196,48,71
2019-06-11,2019-05-31,2019-06-11,2019-06-05,900,Workers Party,8,4,4,0,4,4,8,0,0,4,4,0,0,8,0,0
2019-06-11,2019-05-31,2019-06-11,2019-06-05,900,Sinn Féin,259,136,124,77,102,80,110,146,4,79,49,93,39,198,62,93
2019-06-11,2019-05-31,2019-06-11,2019-06-05,900,Socialist Party,8,4,5,0,4,5,0,8,0,8,0,0,0,8,0,4
2019-06-11,2019-05-31,2019-06-11,2019-06-05,900,Solidarity/PBP,54,35,19,13,30,12,47,7,0,36,4,3,11,40,14,12
2019-06-11,2019-05-31,2019-06-11,2019-06-05,900,RENUA,11,11,0,0,5,6,3,8,0,3,5,0,4,3,8,5
2019-06-11,2019-05-31,2019-06-11,2019-06-05,900,Social Democrats,14,14,0,0,10,4,14,0,0,6,4,4,0,10,4,0
2019-06-11,2019-05-31,2019-06-11,2019-06-05,900,Independent Alliance,59,44,15,19,30,10,29,30,0,22,0,12,24,46,13,12
2019-06-11,2019-05-31,2019-06-11,2019-06-05,900,Aontú,14,14,0,0,7,7,3,11,0,4,3,4,4,7,7,0
2019-06-11,2019-05-31,2019-06-11,2019-06-05,900,Other Independent Candidate,294,145,149,65,124,105,124,166,4,30,66,130,67,185,109,120
2019-07-16,2019-07-04,2019-07-16,2019-07-10,902,Fianna Fáil,641,324,317,124,212,306,290,290,60,146,170,179,147,356,285,241
2019-07-16,2019-07-04,2019-07-16,2019-07-10,902,Fine Gael,549,305,244,114,201,235,225,265,60,164,157,125,104,353,196,152
2019-07-16,2019-07-04,2019-07-16,2019-07-10,902,Labour,115,41,74,17,28,69,48,67,0,59,17,31,8,106,9,42
2019-07-16,2019-07-04,2019-07-16,2019-07-10,902,Green Party,151,50,100,34,69,48,111,40,0,94,29,12,15,124,27,56
2019-07-16,2019-07-04,2019-07-16,2019-07-10,902,Workers Party,0,0,0,0,0,0,0,0,0,0,0,0,0,0,0,0
2019-07-16,2019-07-04,2019-07-16,2019-07-10,902,Sinn Féin,299,158,141,84,164,52,103,187,9,88,73,100,38,203,97,107
2019-07-16,2019-07-04,2019-07-16,2019-07-10,902,Socialist Party,11,2,9,6,3,2,11,0,0,11,0,0,0,11,0,0
2019-07-16,2019-07-04,2019-07-16,2019-07-10,902,Solidarity/PBP,38,17,21,18,9,10,15,22,0,22,5,0,10,32,5,5
2019-07-16,2019-07-04,2019-07-16,2019-07-10,902,RENUA,4,4,0,0,4,0,0,4,0,0,4,0,0,0,4,0
2019-07-16,2019-07-04,2019-07-16,2019-07-10,902,Social Democrats,21,0,21,5,13,3,16,5,0,9,8,0,4,12,9,11
2019-07-16,2019-07-04,2019-07-16,2019-07-10,902,Independent Alliance,76,30,45,35,27,14,30,45,0,23,15,19,18,50,26,22
2019-07-16,2019-07-04,2019-07-16,2019-07-10,902,Aontú,0,0,0,0,0,0,0,0,0,0,0,0,0,0,0,0
2019-07-16,2019-07-04,2019-07-16,2019-07-10,902,Other Independent Candidate,178,99,80,43,46,90,84,88,6,9,27,94,48,110,68,67
2019-09-17,2019-09-05,2019-09-17,2019-09-11,929,Fianna Fáil,598,320,278,81,246,271,238,299,62,177,113,182,127,386,212,151
2019-09-17,2019-09-05,2019-09-17,2019-09-11,929,Fine Gael,551,239,311,100,201,249,230,252,69,142,139,168,102,310,241,190
2019-09-17,2019-09-05,2019-09-17,2019-09-11,929,Labour,72,37,35,24,12,36,47,22,4,23,15,15,19,41,31,30
2019-09-17,2019-09-05,2019-09-17,2019-09-11,929,Green Party,101,49,52,44,36,21,64,37,0,49,21,14,16,95,5,44
2019-09-17,2019-09-05,2019-09-17,2019-09-11,929,Workers Party,0,0,0,0,0,0,0,0,0,0,0,0,0,0,0,0
2019-09-17,2019-09-05,2019-09-17,2019-09-11,929,Sinn Féin,423,233,190,122,206,95,138,282,3,177,136,65,46,313,110,177
2019-09-17,2019-09-05,2019-09-17,2019-09-11,929,Socialist Party,3,0,3,0,0,3,3,0,0,3,0,0,0,3,0,3
2019-09-17,2019-09-05,2019-09-17,2019-09-11,929,Solidarity/PBP,30,15,15,11,10,10,18,13,0,12,3,12,3,30,0,3
2019-09-17,2019-09-05,2019-09-17,2019-09-11,929,RENUA,12,0,12,0,3,9,7,5,0,12,0,0,0,12,0,3
2019-09-17,2019-09-05,2019-09-17,2019-09-11,929,Social Democrats,22,3,18,11,0,11,15,7,0,11,5,0,6,16,5,18
2019-09-17,2019-09-05,2019-09-17,2019-09-11,929,Independent Alliance,81,52,29,28,38,15,43,33,5,45,16,4,16,68,13,19
2019-09-17,2019-09-05,2019-09-17,2019-09-11,929,Aontú,6,6,0,0,6,0,0,6,0,0,0,0,6,6,0,6
2019-09-17,2019-09-05,2019-09-17,2019-09-11,929,Other Independent Candidate,179,105,74,23,87,69,81,83,15,43,47,31,58,99,80,85
2019-11-12,2019-11-01,2019-11-12,2019-11-06,923,Fianna Fáil,497,259,239,94,132,272,221,243,34,115,105,143,135,294,203,161
2019-11-12,2019-11-01,2019-11-12,2019-11-06,923,Fine Gael,535,253,282,133,148,254,295,173,67,168,120,144,102,333,202,164
2019-11-12,2019-11-01,2019-11-12,2019-11-06,923,Labour,124,61,63,19,55,50,63,61,0,42,38,42,2,117,7,37
2019-11-12,2019-11-01,2019-11-12,2019-11-06,923,Green Party,110,44,66,35,52,23,58,52,0,51,45,7,8,91,20,33
2019-11-12,2019-11-01,2019-11-12,2019-11-06,923,Workers Party,0,0,0,0,0,0,0,0,0,0,0,0,0,0,0,0
2019-11-12,2019-11-01,2019-11-12,2019-11-06,923,Sinn Féin,327,177,150,106,124,98,127,189,11,107,120,67,34,216,111,141
2019-11-12,2019-11-01,2019-11-12,2019-11-06,923,Socialist Party,7,7,0,5,0,2,5,2,0,7,0,0,0,7,0,0
2019-11-12,2019-11-01,2019-11-12,2019-11-06,923,Solidarity/PBP,42,25,17,9,19,14,17,25,0,28,3,2,8,38,4,7
2019-11-12,2019-11-01,2019-11-12,2019-11-06,923,RENUA,0,0,0,0,0,0,0,0,0,0,0,0,0,0,0,0
2019-11-12,2019-11-01,2019-11-12,2019-11-06,923,Social Democrats,33,20,14,11,15,7,11,17,5,9,5,10,10,16,18,25
2019-11-12,2019-11-01,2019-11-12,2019-11-06,923,Independent Alliance,80,36,44,11,56,13,36,39,5,16,34,19,11,48,32,34
2019-11-12,2019-11-01,2019-11-12,2019-11-06,923,Aontú,0,0,0,0,0,0,0,0,0,0,0,0,0,0,0,0
2019-11-12,2019-11-01,2019-11-12,2019-11-06,923,Other Independent Candidate,196,80,116,20,107,68,74,107,14,21,91,41,42,118,77,78
2019-12-17,2019-12-05,2019-12-17,2019-12-11,934,Fianna Fáil,543,325,218,97,183,263,220,266,56,125,145,128,145,298,244,181
2019-12-17,2019-12-05,2019-12-17,2019-12-11,934,Fine Gael,551,264,286,133,183,234,279,208,64,216,130,118,86,376,175,134
2019-12-17,2019-12-05,2019-12-17,2019-12-11,934,Labour,111,44,67,20,45,47,44,67,0,46,43,21,0,88,22,42
2019-12-17,2019-12-05,2019-12-17,2019-12-11,934,Green Party,116,53,63,39,54,23,73,39,3,60,34,12,10,94,22,46
2019-12-17,2019-12-05,2019-12-17,2019-12-11,934,Workers Party,0,0,0,0,0,0,0,0,0,0,0,0,0,0,0,0
2019-12-17,2019-12-05,2019-12-17,2019-12-11,934,Sinn Féin,402,231,172,124,171,107,138,247,18,128,72,126,76,307,96,177
2019-12-17,2019-12-05,2019-12-17,2019-12-11,934,Socialist Party,0,0,0,0,0,0,0,0,0,0,0,0,0,0,0,0
2019-12-17,2019-12-05,2019-12-17,2019-12-11,934,Solidarity/PBP,53,13,41,14,16,23,24,30,0,49,0,0,4,49,4,14
2019-12-17,2019-12-05,2019-12-17,2019-12-11,934,RENUA,4,4,0,0,4,0,4,0,0,0,4,0,0,4,0,4
2019-12-17,2019-12-05,2019-12-17,2019-12-11,934,Social Democrats,11,4,7,0,11,0,11,0,0,0,7,0,4,7,4,0
2019-12-17,2019-12-05,2019-12-17,2019-12-11,934,Independent Alliance,36,20,16,4,18,14,25,11,0,12,9,14,0,25,11,13
2019-12-17,2019-12-05,2019-12-17,2019-12-11,934,Aontú,0,0,0,0,0,0,0,0,0,0,0,0,0,0,0,0
2019-12-17,2019-12-05,2019-12-17,2019-12-11,934,Other Independent Candidate,184,101,83,15,103,66,100,78,6,27,53,61,43,106,78,111
2020-01-19,2020-01-02,2020-01-14,2020-01-08,923,Fianna Fáil,582,296,286,78,210,294,251,285,46,75,168,221,118,320,262,193
2020-01-19,2020-01-02,2020-01-14,2020-01-08,923,Fine Gael,375,191,184,100,111,164,218,136,22,149,101,57,69,256,120,95
2020-01-19,2020-01-02,2020-01-14,2020-01-08,923,Labour,70,31,39,4,26,40,39,23,9,23,22,16,9,46,25,23
2020-01-19,2020-01-02,2020-01-14,2020-01-08,923,Green Party,124,52,71,25,70,28,83,41,0,35,51,5,32,84,40,54
2020-01-19,2020-01-02,2020-01-14,2020-01-08,923,Workers Party,4,0,4,0,4,0,0,4,0,0,0,4,0,0,4,0
2020-01-19,2020-01-02,2020-01-14,2020-01-08,923,Sinn Féin,351,183,168,94,166,91,119,219,13,101,106,77,66,257,93,159
2020-01-19,2020-01-02,2020-01-14,2020-01-08,923,Socialist Party,3,3,0,0,3,0,0,3,0,3,0,0,0,3,0,0
2020-01-19,2020-01-02,2020-01-14,2020-01-08,923,Solidarity/PBP,39,4,34,5,18,16,31,8,0,26,12,0,0,30,9,17
2020-01-19,2020-01-02,2020-01-14,2020-01-08,923,RENUA,27,11,16,0,20,6,16,5,6,0,19,0,8,9,18,19
2020-01-19,2020-01-02,2020-01-14,2020-01-08,923,Social Democrats,9,6,3,4,3,3,9,0,0,3,3,4,0,6,4,4
2020-01-19,2020-01-02,2020-01-14,2020-01-08,923,Independent Alliance,46,21,26,14,12,21,18,28,0,18,21,8,0,46,0,9
2020-01-19,2020-01-02,2020-01-14,2020-01-08,923,Aontú,0,0,0,0,0,0,0,0,0,0,0,0,0,0,0,0
2020-01-19,2020-01-02,2020-01-14,2020-01-08,923,Other Independent Candidate,175,89,86,26,101,49,81,76,19,29,58,57,31,103,72,60
2020-03-02,2020-02-17,2020-02-25,2020-02-21,917,Fianna Fáil,523,290,234,77,190,257,217,259,47,97,159,187,80,294,230,187
2020-03-02,2020-02-17,2020-02-25,2020-02-21,917,Fine Gael,484,220,264,84,192,207,222,213,48,127,110,121,126,326,157,152
2020-03-02,2020-02-17,2020-02-25,2020-02-21,917,Labour,80,46,34,11,38,31,36,44,0,43,27,10,0,67,13,50
2020-03-02,2020-02-17,2020-02-25,2020-02-21,917,Green Party,160,34,126,35,75,50,107,54,0,52,46,34,28,98,62,72
2020-03-02,2020-02-17,2020-02-25,2020-02-21,917,Workers Party,0,0,0,0,0,0,0,0,0,0,0,0,0,0,0,0
2020-03-02,2020-02-17,2020-02-25,2020-02-21,917,Sinn Féin,938,464,474,307,371,261,367,522,49,266,286,259,127,664,274,395
2020-03-02,2020-02-17,2020-02-25,2020-02-21,917,Socialist Party,0,0,0,0,0,0,0,0,0,0,0,0,0,0,0,0
2020-03-02,2020-02-17,2020-02-25,2020-02-21,917,Solidarity/PBP,67,36,31,23,22,22,52,14,0,59,0,3,5,64,3,18
2020-03-02,2020-02-17,2020-02-25,2020-02-21,917,RENUA,2,0,2,0,2,0,0,2,0,0,0,2,0,2,0,0
2020-03-02,2020-02-17,2020-02-25,2020-02-21,917,Social Democrats,60,30,30,11,32,17,25,35,0,26,7,10,16,49,11,31
2020-03-02,2020-02-17,2020-02-25,2020-02-21,917,Independent Alliance,53,33,20,7,25,20,10,31,11,29,6,0,17,31,21,19
2020-03-02,2020-02-17,2020-02-25,2020-02-21,917,Aontú,17,14,3,7,3,7,14,3,0,7,3,7,0,10,7,4
2020-03-02,2020-02-17,2020-02-25,2020-02-21,917,Other Independent Candidate,267,142,125,27,120,121,102,130,35,27,66,115,59,136,131,143
2020-03-14,2020-02-27,2020-03-10,2020-03-04,912,Fianna Fáil,487,258,229,65,186,236,181,269,36,106,137,155,88,264,223,169
2020-03-14,2020-02-27,2020-03-10,2020-03-04,912,Fine Gael,547,259,288,87,174,286,308,184,56,182,138,114,114,371,177,195
2020-03-14,2020-02-27,2020-03-10,2020-03-04,912,Labour,67,30,37,3,35,28,33,33,0,29,25,5,7,55,12,38
2020-03-14,2020-02-27,2020-03-10,2020-03-04,912,Green Party,143,47,97,23,81,40,115,28,0,69,55,5,15,89,55,79
2020-03-14,2020-02-27,2020-03-10,2020-03-04,912,Workers Party,10,4,6,0,10,0,10,0,0,6,4,0,0,10,0,0
2020-03-14,2020-02-27,2020-03-10,2020-03-04,912,Sinn Féin,903,445,458,334,360,209,307,542,54,252,245,263,143,611,292,413
2020-03-14,2020-02-27,2020-03-10,2020-03-04,912,Socialist Party,0,0,0,0,0,0,0,0,0,0,0,0,0,0,0,0
2020-03-14,2020-02-27,2020-03-10,2020-03-04,912,Solidarity/PBP,77,42,35,44,12,21,39,28,10,39,9,14,15,58,19,11
2020-03-14,2020-02-27,2020-03-10,2020-03-04,912,RENUA,0,0,0,0,0,0,0,0,0,0,0,0,0,0,0,0
2020-03-14,2020-02-27,2020-03-10,2020-03-04,912,Social Democrats,35,22,12,5,19,11,29,6,0,15,8,4,9,31,4,9
2020-03-14,2020-02-27,2020-03-10,2020-03-04,912,Independent Alliance,0,0,0,0,0,0,0,0,0,0,0,0,0,0,0,0
2020-03-14,2020-02-27,2020-03-10,2020-03-04,912,Aontú,8,8,0,0,4,4,8,0,0,0,4,4,0,8,0,4
2020-03-14,2020-02-27,2020-03-10,2020-03-04,912,Other Independent Candidate,270,141,130,59,120,91,117,131,22,24,69,122,56,131,139,106
2020-08-02,2020-07-17,2020-07-28,2020-07-22,921,Fianna Fáil,481,248,234,57,129,295,162,242,78,64,184,115,119,290,192,234
2020-08-02,2020-07-17,2020-07-28,2020-07-22,921,Fine Gael,697,353,343,137,289,271,375,259,62,231,195,160,111,447,250,347
2020-08-02,2020-07-17,2020-07-28,2020-07-22,921,Labour,65,42,23,7,31,27,41,24,0,27,21,4,13,50,15,35
2020-08-02,2020-07-17,2020-07-28,2020-07-22,921,Green Party,151,81,70,63,63,26,115,36,0,103,27,11,10,129,22,66
2020-08-02,2020-07-17,2020-07-28,2020-07-22,921,Workers Party,0,0,0,0,0,0,0,0,0,0,0,0,0,0,0,0
2020-08-02,2020-07-17,2020-07-28,2020-07-22,921,Sinn Féin,724,370,354,196,308,221,271,435,18,212,190,205,117,564,160,230
2020-08-02,2020-07-17,2020-07-28,2020-07-22,921,Socialist Party,0,0,0,0,0,0,0,0,0,0,0,0,0,0,0,0
2020-08-02,2020-07-17,2020-07-28,2020-07-22,921,Solidarity/PBP,30,24,6,5,13,12,8,22,0,25,0,0,6,30,0,19
2020-08-02,2020-07-17,2020-07-28,2020-07-22,921,RENUA,14,14,0,0,8,6,8,6,0,14,0,0,0,14,0,6
2020-08-02,2020-07-17,2020-07-28,2020-07-22,921,Social Democrats,32,8,24,5,12,15,32,0,0,28,0,0,4,32,0,12
2020-08-02,2020-07-17,2020-07-28,2020-07-22,921,Independent Alliance,0,0,0,0,0,0,0,0,0,0,0,0,0,0,0,0
2020-08-02,2020-07-17,2020-07-28,2020-07-22,921,Aontú,0,0,0,0,0,0,0,0,0,0,0,0,0,0,0,0
2020-08-02,2020-07-17,2020-07-28,2020-07-22,921,Other Independent Candidate,206,114,92,38,81,88,65,125,17,7,65,72,61,96,111,114
2020-09-20,2020-09-03,2020-09-15,2020-09-09,900,Fianna Fáil,421,223,198,47,143,230,140,208,73,60,90,194,77,235,186,176
2020-09-20,2020-09-03,2020-09-15,2020-09-09,900,Fine Gael,676,303,373,102,267,306,356,278,42,222,191,157,107,448,228,285
2020-09-20,2020-09-03,2020-09-15,2020-09-09,900,Labour,60,35,25,10,27,23,38,22,0,13,39,8,0,40,20,27
2020-09-20,2020-09-03,2020-09-15,2020-09-09,900,Green Party,114,38,75,18,62,33,95,18,0,63,11,28,11,93,21,25
2020-09-20,2020-09-03,2020-09-15,2020-09-09,900,Workers Party,0,0,0,0,0,0,0,0,0,0,0,0,0,0,0,0
2020-09-20,2020-09-03,2020-09-15,2020-09-09,900,Sinn Féin,710,407,303,218,260,231,266,434,9,233,186,185,106,510,199,289
2020-09-20,2020-09-03,2020-09-15,2020-09-09,900,Socialist Party,0,0,0,0,0,0,0,0,0,0,0,0,0,0,0,0
2020-09-20,2020-09-03,2020-09-15,2020-09-09,900,Solidarity/PBP,23,7,16,7,17,0,19,0,4,19,4,0,0,19,4,7
2020-09-20,2020-09-03,2020-09-15,2020-09-09,900,RENUA,0,0,0,0,0,0,0,0,0,0,0,0,0,0,0,0
2020-09-20,2020-09-03,2020-09-15,2020-09-09,900,Social Democrats,17,11,6,10,0,7,10,7,0,11,0,0,6,11,6,10
2020-09-20,2020-09-03,2020-09-15,2020-09-09,900,Independent Alliance,0,0,0,0,0,0,0,0,0,0,0,0,0,0,0,0
2020-09-20,2020-09-03,2020-09-15,2020-09-09,900,Aontú,11,11,0,0,0,11,0,11,0,4,0,7,0,4,7,0
2020-09-20,2020-09-03,2020-09-15,2020-09-09,900,Other Independent Candidate,209,107,103,25,111,73,87,88,34,51,19,82,58,107,102,101
2020-10-18,2020-10-01,2020-10-13,2020-10-07,900,Fianna Fáil,427,235,192,61,140,226,151,232,44,70,102,166,90,259,168,170
2020-10-18,2020-10-01,2020-10-13,2020-10-07,900,Fine Gael,719,320,399,118,288,313,383,282,54,240,217,162,100,458,261,288
2020-10-18,2020-10-01,2020-10-13,2020-10-07,900,Labour,95,47,48,17,32,46,41,47,7,35,26,35,0,66,30,31
2020-10-18,2020-10-01,2020-10-13,2020-10-07,900,Green Party,111,57,54,49,42,21,78,34,0,69,15,17,11,99,12,24
2020-10-18,2020-10-01,2020-10-13,2020-10-07,900,Workers Party,4,4,0,0,0,4,4,0,0,0,0,0,4,0,4,4
2020-10-18,2020-10-01,2020-10-13,2020-10-07,900,Sinn Féin,677,351,326,182,280,214,250,370,57,175,174,205,123,420,257,298
2020-10-18,2020-10-01,2020-10-13,2020-10-07,900,Socialist Party,5,5,0,0,5,0,5,0,0,0,0,5,0,0,5,5
2020-10-18,2020-10-01,2020-10-13,2020-10-07,900,Solidarity/PBP,55,19,36,30,8,18,11,45,0,42,6,0,8,55,0,4
2020-10-18,2020-10-01,2020-10-13,2020-10-07,900,RENUA,0,0,0,0,0,0,0,0,0,0,0,0,0,0,0,0
2020-10-18,2020-10-01,2020-10-13,2020-10-07,900,Social Democrats,49,22,27,13,23,13,32,17,0,32,8,4,4,45,4,18
2020-10-18,2020-10-01,2020-10-13,2020-10-07,900,Independent Alliance,0,0,0,0,0,0,0,0,0,0,0,0,0,0,0,0
2020-10-18,2020-10-01,2020-10-13,2020-10-07,900,Aontú,19,11,9,9,11,0,8,11,0,2,0,17,0,15,4,2
2020-10-18,2020-10-01,2020-10-13,2020-10-07,900,Other Independent Candidate,124,48,76,20,75,29,61,58,4,25,22,52,25,75,48,69
2020-12-20,2020-12-03,2020-12-15,2020-12-09,916,Fianna Fáil,460,250,210,57,142,262,183,241,36,76,116,155,113,280,180,206
2020-12-20,2020-12-03,2020-12-15,2020-12-09,916,Fine Gael,564,263,300,91,209,263,260,237,67,216,139,108,101,400,164,247
2020-12-20,2020-12-03,2020-12-15,2020-12-09,916,Labour,101,58,43,29,27,45,44,57,0,42,28,19,12,72,29,49
2020-12-20,2020-12-03,2020-12-15,2020-12-09,916,Green Party,68,43,25,10,38,20,46,22,0,48,12,7,0,63,5,15
2020-12-20,2020-12-03,2020-12-15,2020-12-09,916,Workers Party,0,0,0,0,0,0,0,0,0,0,0,0,0,0,0,0
2020-12-20,2020-12-03,2020-12-15,2020-12-09,916,Sinn Féin,663,358,305,175,315,174,242,404,17,204,192,164,104,481,183,258
2020-12-20,2020-12-03,2020-12-15,2020-12-09,916,Socialist Party,0,0,0,0,0,0,0,0,0,0,0,0,0,0,0,0
2020-12-20,2020-12-03,2020-12-15,2020-12-09,916,Solidarity/PBP,44,21,23,21,11,12,41,3,0,35,10,0,0,41,3,17
2020-12-20,2020-12-03,2020-12-15,2020-12-09,916,RENUA,5,5,0,5,0,0,5,0,0,5,0,0,0,5,0,0
2020-12-20,2020-12-03,2020-12-15,2020-12-09,916,Social Democrats,26,5,21,18,8,0,21,0,5,13,0,13,0,13,13,0
2020-12-20,2020-12-03,2020-12-15,2020-12-09,916,Independent Alliance,0,0,0,0,0,0,0,0,0,0,0,0,0,0,0,0
2020-12-20,2020-12-03,2020-12-15,2020-12-09,916,Aontú,8,8,0,0,0,8,8,0,0,3,0,4,0,8,0,0
2020-12-20,2020-12-03,2020-12-15,2020-12-09,916,Other Independent Candidate,145,66,79,21,87,36,77,53,15,37,29,43,37,90,55,64
2021-06-13,2021-05-27,2021-06-08,2021-06-02,909,Fianna Fáil,436,240,196,70,118,247,177,221,38,81,120,130,104,259,177,164
2021-06-13,2021-05-27,2021-06-08,2021-06-02,909,Fine Gael,528,228,300,94,186,248,257,218,54,225,111,111,82,397,132,242
2021-06-13,2021-05-27,2021-06-08,2021-06-02,909,Labour,74,32,42,11,26,37,37,38,0,42,27,5,0,60,14,17
2021-06-13,2021-05-27,2021-06-08,2021-06-02,909,Green Party,96,49,47,30,45,22,78,18,0,61,14,12,8,93,4,24
2021-06-13,2021-05-27,2021-06-08,2021-06-02,909,Sinn Féin,744,386,358,227,309,208,259,475,10,207,195,225,117,524,220,331
2021-06-13,2021-05-27,2021-06-08,2021-06-02,909,Socialist Party,7,7,0,7,0,0,7,0,0,7,0,0,0,7,0,7
2021-06-13,2021-05-27,2021-06-08,2021-06-02,909,Solidarity/PBP,21,12,9,9,7,5,9,12,0,21,0,0,0,21,0,4
2021-06-13,2021-05-27,2021-06-08,2021-06-02,909,RENUA,4,4,0,0,4,0,4,0,0,0,4,0,0,4,0,0
2021-06-13,2021-05-27,2021-06-08,2021-06-02,909,Social Democrats,78,25,53,21,52,5,58,9,11,32,25,21,0,56,23,11
2021-06-13,2021-05-27,2021-06-08,2021-06-02,909,Aontú,16,9,7,0,0,16,9,0,7,3,0,13,0,9,7,0
2021-06-13,2021-05-27,2021-06-08,2021-06-02,909,Other Independent Candidate,195,110,85,45,84,66,86,100,9,12,51,79,53,91,104,148
2021-07-18,2021-07-01,2021-07-13,2021-07-07,894,Fianna Fáil,437,247,190,87,126,224,155,238,44,53,101,181,102,235,202,150
2021-07-18,2021-07-01,2021-07-13,2021-07-07,894,Fine Gael,543,245,297,103,204,236,249,236,57,192,162,110,79,342,200,256
2021-07-18,2021-07-01,2021-07-13,2021-07-07,894,Labour,120,83,38,30,44,47,72,49,0,35,67,14,5,82,39,74
2021-07-18,2021-07-01,2021-07-13,2021-07-07,894,Green Party,102,42,60,35,38,28,64,38,0,55,17,14,17,79,23,33
2021-07-18,2021-07-01,2021-07-13,2021-07-07,894,Workers Party,0,0,0,0,0,0,0,0,0,0,0,0,0,0,0,0
2021-07-18,2021-07-01,2021-07-13,2021-07-07,894,Sinn Féin,667,359,308,199,262,206,252,396,18,209,113,195,150,495,172,289
2021-07-18,2021-07-01,2021-07-13,2021-07-07,894,Socialist Party,5,0,5,0,0,5,0,5,0,5,0,0,0,5,0,0
2021-07-18,2021-07-01,2021-07-13,2021-07-07,894,Solidarity/PBP,63,45,18,37,16,11,16,47,0,49,0,15,0,57,6,33
2021-07-18,2021-07-01,2021-07-13,2021-07-07,894,RENUA,5,5,0,0,5,0,5,0,0,0,5,0,0,5,0,5
2021-07-18,2021-07-01,2021-07-13,2021-07-07,894,Social Democrats,33,10,23,15,12,6,19,14,0,26,7,0,0,26,7,29
2021-07-18,2021-07-01,2021-07-13,2021-07-07,894,Independent Alliance,0,0,0,0,0,0,0,0,0,0,0,0,0,0,0,0
2021-07-18,2021-07-01,2021-07-13,2021-07-07,894,Aontú,15,11,4,7,0,8,7,4,4,7,4,0,4,11,4,4
2021-07-18,2021-07-01,2021-07-13,2021-07-07,894,Other Independent Candidate,222,115,107,40,91,91,90,122,10,32,26,103,60,138,84,129
2021-09-12,2021-08-26,2021-09-06,2021-08-31,922,Fianna Fáil,445,204,242,65,118,262,171,229,45,101,122,154,68,253,192,165
2021-09-12,2021-08-26,2021-09-06,2021-08-31,922,Fine Gael,493,272,221,87,190,216,282,149,62,206,133,103,51,327,166,182
2021-09-12,2021-08-26,2021-09-06,2021-08-31,922,Labour,108,57,52,15,62,32,59,49,0,39,56,13,0,86,22,34
2021-09-12,2021-08-26,2021-09-06,2021-08-31,922,Green Party,108,53,55,61,27,19,94,14,0,62,24,17,5,91,17,47
2021-09-12,2021-08-26,2021-09-06,2021-08-31,922,Workers Party,0,0,0,0,0,0,0,0,0,0,0,0,0,0,0,0
2021-09-12,2021-08-26,2021-09-06,2021-08-31,922,Sinn Féin,715,342,374,197,259,259,254,440,21,202,167,210,136,480,235,267
2021-09-12,2021-08-26,2021-09-06,2021-08-31,922,Socialist Party,15,11,3,11,3,0,4,11,0,7,4,3,0,11,3,7
2021-09-12,2021-08-26,2021-09-06,2021-08-31,922,Solidarity/PBP,44,22,23,20,21,4,27,17,0,22,10,8,5,40,5,13
2021-09-12,2021-08-26,2021-09-06,2021-08-31,922,RENUA,3,0,3,0,3,0,3,0,0,3,0,0,0,3,0,0
2021-09-12,2021-08-26,2021-09-06,2021-08-31,922,Social Democrats,43,17,27,15,20,8,28,15,0,23,15,0,5,38,5,15
2021-09-12,2021-08-26,2021-09-06,2021-08-31,922,Independent Alliance,0,0,0,0,0,0,0,0,0,0,0,0,0,0,0,0
2021-09-12,2021-08-26,2021-09-06,2021-08-31,922,Aontú,0,0,0,0,0,0,0,0,0,0,0,0,0,0,0,0
2021-09-12,2021-08-26,2021-09-06,2021-08-31,922,Other Independent Candidate,161,85,76,27,84,49,69,67,25,5,24,82,51,65,97,97
2021-10-17,2021-09-30,2021-10-12,2021-10-06,943,Fianna Fáil,524,249,275,103,153,268,210,264,49,94,148,182,100,315,209,227
2021-10-17,2021-09-30,2021-10-12,2021-10-06,943,Fine Gael,480,224,256,81,158,242,220,195,66,164,88,132,97,302,178,187
2021-10-17,2021-09-30,2021-10-12,2021-10-06,943,Labour,119,63,56,31,46,42,57,62,0,28,66,20,4,99,19,38
2021-10-17,2021-09-30,2021-10-12,2021-10-06,943,Green Party,122,44,77,38,67,17,97,25,0,99,10,6,6,115,6,23
2021-10-17,2021-09-30,2021-10-12,2021-10-06,943,Workers Party,6,3,4,3,0,4,6,0,0,4,3,0,0,4,3,0
2021-10-17,2021-09-30,2021-10-12,2021-10-06,943,Sinn Féin,688,367,321,200,309,179,293,395,0,163,189,205,130,450,237,313
2021-10-17,2021-09-30,2021-10-12,2021-10-06,943,Socialist Party,9,4,4,4,4,0,9,0,0,4,0,4,0,4,4,0
2021-10-17,2021-09-30,2021-10-12,2021-10-06,943,Solidarity/PBP,19,3,16,12,4,3,4,15,0,4,8,7,0,12,7,7
2021-10-17,2021-09-30,2021-10-12,2021-10-06,943,RENUA,0,0,0,0,0,0,0,0,0,0,0,0,0,0,0,0
2021-10-17,2021-09-30,2021-10-12,2021-10-06,943,Social Democrats,80,33,47,24,34,22,50,30,0,63,7,10,0,70,10,27
2021-10-17,2021-09-30,2021-10-12,2021-10-06,943,Independent Alliance,0,0,0,0,0,0,0,0,0,0,0,0,0,0,0,0
2021-10-17,2021-09-30,2021-10-12,2021-10-06,943,Aontú,14,9,5,0,7,7,7,0,7,2,0,0,12,7,7,5
2021-10-17,2021-09-30,2021-10-12,2021-10-06,943,Other Independent Candidate,183,89,94,19,83,81,99,65,18,53,26,51,54,110,73,85
2021-11-14,2021-10-28,2021-11-09,2021-11-03,912,Fianna Fáil,431,235,197,60,156,215,178,203,50,109,106,134,83,228,203,156
2021-11-14,2021-10-28,2021-11-09,2021-11-03,912,Fine Gael,438,199,239,78,186,175,245,168,25,178,119,105,36,328,110,172
2021-11-14,2021-10-28,2021-11-09,2021-11-03,912,Labour,63,38,25,9,18,37,38,21,4,26,14,18,5,51,13,29
2021-11-14,2021-10-28,2021-11-09,2021-11-03,912,Green Party,116,51,65,36,52,28,85,31,0,52,31,24,9,86,30,31
2021-11-14,2021-10-28,2021-11-09,2021-11-03,912,Workers Party,0,0,0,0,0,0,0,0,0,0,0,0,0,0,0,0
2021-11-14,2021-10-28,2021-11-09,2021-11-03,912,Sinn Féin,779,387,392,229,296,254,253,496,30,211,257,160,150,560,219,368
2021-11-14,2021-10-28,2021-11-09,2021-11-03,912,Socialist Party,0,0,0,0,0,0,0,0,0,0,0,0,0,0,0,0
2021-11-14,2021-10-28,2021-11-09,2021-11-03,912,Solidarity/PBP,28,17,11,14,7,7,24,4,0,16,7,6,0,19,9,10
2021-11-14,2021-10-28,2021-11-09,2021-11-03,912,RENUA,0,0,0,0,0,0,0,0,0,0,0,0,0,0,0,0
2021-11-14,2021-10-28,2021-11-09,2021-11-03,912,Social Democrats,59,48,11,15,23,21,45,14,0,32,18,8,0,47,12,20
2021-11-14,2021-10-28,2021-11-09,2021-11-03,912,Independent Alliance,0,0,0,0,0,0,0,0,0,0,0,0,0,0,0,0
2021-11-14,2021-10-28,2021-11-09,2021-11-03,912,Aontú,28,11,17,4,4,19,23,0,5,4,7,11,5,23,5,12
2021-11-14,2021-10-28,2021-11-09,2021-11-03,912,Other Independent Candidate,179,83,96,34,72,73,60,99,20,21,49,64,45,65,114,95
2021-12-12,2021-11-25,2021-12-08,2021-12-01,933,Fianna Fáil,487,292,195,35,140,312,207,237,43,94,144,144,106,270,217,186
2021-12-12,2021-11-25,2021-12-08,2021-12-01,933,Fine Gael,438,217,221,95,170,173,222,163,53,145,116,117,60,257,181,180
2021-12-12,2021-11-25,2021-12-08,2021-12-01,933,Labour,106,42,64,11,51,44,58,36,12,29,47,17,12,76,30,38
2021-12-12,2021-11-25,2021-12-08,2021-12-01,933,Green Party,113,32,82,41,27,46,90,24,0,78,22,10,3,96,17,24
2021-12-12,2021-11-25,2021-12-08,2021-12-01,933,Workers Party,0,0,0,0,0,0,0,0,0,0,0,0,0,0,0,0
2021-12-12,2021-11-25,2021-12-08,2021-12-01,933,Sinn Féin,734,376,357,233,306,194,284,412,38,222,170,201,141,497,237,347
2021-12-12,2021-11-25,2021-12-08,2021-12-01,933,Socialist Party,6,0,6,6,0,0,6,0,0,6,0,0,0,6,0,0
2021-12-12,2021-11-25,2021-12-08,2021-12-01,933,Solidarity/PBP,31,10,21,16,11,4,14,17,0,22,8,0,0,31,0,16
2021-12-12,2021-11-25,2021-12-08,2021-12-01,933,RENUA,3,0,3,0,0,3,0,3,0,0,0,3,0,3,0,3
2021-12-12,2021-11-25,2021-12-08,2021-12-01,933,Social Democrats,47,31,16,6,23,18,36,11,0,25,11,12,0,43,5,20
2021-12-12,2021-11-25,2021-12-08,2021-12-01,933,Independent Alliance,0,0,0,0,0,0,0,0,0,0,0,0,0,0,0,0
2021-12-12,2021-11-25,2021-12-08,2021-12-01,933,Aontú,3,0,3,0,0,3,3,0,0,0,0,0,3,3,0,3
2021-12-12,2021-11-25,2021-12-08,2021-12-01,933,Other Independent Candidate,196,105,91,20,64,111,86,86,24,56,40,61,39,115,81,103
2022-01-23,2022-01-06,2022-01-18,2022-01-12,917,Fianna Fáil,514,313,201,50,156,308,211,247,57,130,99,190,95,321,193,163
2022-01-23,2022-01-06,2022-01-18,2022-01-12,917,Fine Gael,489,210,279,69,167,253,277,161,50,181,147,102,59,311,178,209
2022-01-23,2022-01-06,2022-01-18,2022-01-12,917,Labour,97,54,43,11,41,45,47,50,0,43,41,4,9,80,17,53
2022-01-23,2022-01-06,2022-01-18,2022-01-12,917,Green Party,74,31,43,35,28,11,58,16,0,39,25,5,6,56,18,30
2022-01-23,2022-01-06,2022-01-18,2022-01-12,917,Workers Party,8,8,0,0,8,0,0,8,0,0,8,0,0,8,0,0
2022-01-23,2022-01-06,2022-01-18,2022-01-12,917,Sinn Féin,732,374,358,220,333,179,318,403,11,195,165,228,145,483,249,313
2022-01-23,2022-01-06,2022-01-18,2022-01-12,917,Socialist Party,19,4,15,15,0,4,8,11,0,19,0,0,0,19,0,4
2022-01-23,2022-01-06,2022-01-18,2022-01-12,917,Solidarity/PBP,45,25,20,12,20,12,31,13,0,27,0,18,0,31,13,5
2022-01-23,2022-01-06,2022-01-18,2022-01-12,917,RENUA,0,0,0,0,0,0,0,0,0,0,0,0,0,0,0,0
2022-01-23,2022-01-06,2022-01-18,2022-01-12,917,Social Democrats,28,13,15,4,16,7,28,0,0,20,4,4,0,23,4,17
2022-01-23,2022-01-06,2022-01-18,2022-01-12,917,Independent Alliance,0,0,0,0,0,0,0,0,0,0,0,0,0,0,0,0
2022-01-23,2022-01-06,2022-01-18,2022-01-12,917,Aontú,4,4,0,4,0,0,4,0,0,0,0,4,0,4,0,0
2022-01-23,2022-01-06,2022-01-18,2022-01-12,917,Other Independent Candidate,167,87,80,35,75,57,51,109,7,22,38,72,35,106,60,121
2022-02-13,2022-01-27,2022-02-08,2022-02-02,928,Fianna Fáil,525,262,263,83,157,285,245,223,56,114,148,187,76,287,237,186
2022-02-13,2022-01-27,2022-02-08,2022-02-02,928,Fine Gael,424,209,215,51,205,168,203,174,47,161,115,97,51,281,143,204
2022-02-13,2022-01-27,2022-02-08,2022-02-02,928,Labour,77,34,43,3,46,29,52,24,0,29,26,20,2,62,15,14
2022-02-13,2022-01-27,2022-02-08,2022-02-02,928,Green Party,99,46,52,25,60,14,71,28,0,73,13,0,12,85,13,34
2022-02-13,2022-01-27,2022-02-08,2022-02-02,928,Workers Party,0,0,0,0,0,0,0,0,0,0,0,0,0,0,0,0
2022-02-13,2022-01-27,2022-02-08,2022-02-02,928,Sinn Féin,707,402,305,189,286,232,247,422,38,166,238,181,122,434,273,353
2022-02-13,2022-01-27,2022-02-08,2022-02-02,928,Socialist Party,4,0,4,4,0,0,4,0,0,4,0,0,0,4,0,4
2022-02-13,2022-01-27,2022-02-08,2022-02-02,928,Solidarity/PBP,25,17,8,11,10,4,8,17,0,19,0,6,0,19,6,0
2022-02-13,2022-01-27,2022-02-08,2022-02-02,928,RENUA,0,0,0,0,0,0,0,0,0,0,0,0,0,0,0,0
2022-02-13,2022-01-27,2022-02-08,2022-02-02,928,Social Democrats,32,13,19,8,21,3,24,8,0,10,4,14,4,14,18,11
2022-02-13,2022-01-27,2022-02-08,2022-02-02,928,Independent Alliance,0,0,0,0,0,0,0,0,0,0,0,0,0,0,0,0
2022-02-13,2022-01-27,2022-02-08,2022-02-02,928,Aontú,3,0,3,0,0,3,3,0,0,0,3,0,0,3,0,3
2022-02-13,2022-01-27,2022-02-08,2022-02-02,928,Other Independent Candidate,190,73,117,46,48,96,97,72,20,42,33,62,53,92,98,100
2022-03-13,2022-02-24,2022-03-08,2022-03-02,928,Fianna Fáil,507,274,233,32,128,347,189,238,79,80,150,183,94,285,222,174
2022-03-13,2022-02-24,2022-03-08,2022-03-02,928,Fine Gael,524,237,287,99,237,188,286,186,52,218,123,117,66,400,124,211
2022-03-13,2022-02-24,2022-03-08,2022-03-02,928,Labour,59,35,24,13,20,26,53,5,0,38,9,11,0,56,3,22
2022-03-13,2022-02-24,2022-03-08,2022-03-02,928,Green Party,87,43,44,44,36,7,69,18,0,50,19,13,5,63,24,16
2022-03-13,2022-02-24,2022-03-08,2022-03-02,928,Workers Party,0,0,0,0,0,0,0,0,0,0,0,0,0,0,0,0
2022-03-13,2022-02-24,2022-03-08,2022-03-02,928,Sinn Féin,739,399,340,224,300,215,328,402,9,154,214,235,137,508,231,369
2022-03-13,2022-02-24,2022-03-08,2022-03-02,928,Socialist Party,6,0,6,0,0,6,0,6,0,0,6,0,0,0,6,6
2022-03-13,2022-02-24,2022-03-08,2022-03-02,928,Solidarity/PBP,38,25,13,4,26,8,24,14,0,18,13,7,0,33,5,17
2022-03-13,2022-02-24,2022-03-08,2022-03-02,928,RENUA,8,8,0,5,0,3,8,0,0,5,0,3,0,8,0,0
2022-03-13,2022-02-24,2022-03-08,2022-03-02,928,Social Democrats,21,14,7,7,7,7,18,3,0,21,0,0,0,21,0,3
2022-03-13,2022-02-24,2022-03-08,2022-03-02,928,Independent Alliance,0,0,0,0,0,0,0,0,0,0,0,0,0,0,0,0
2022-03-13,2022-02-24,2022-03-08,2022-03-02,928,Aontú,18,9,10,3,6,10,3,15,0,0,3,6,10,15,3,10
2022-03-13,2022-02-24,2022-03-08,2022-03-02,928,Other Independent Candidate,204,93,111,26,109,68,108,85,10,29,62,66,46,104,99,100
2022-04-25,2022-03-31,2022-04-20,2022-04-10,957,Fianna Fáil,507,247,260,88,135,284,235,200,72,92,174,154,88,312,195,179
2022-04-25,2022-03-31,2022-04-20,2022-04-10,957,Fine Gael,544,255,289,115,204,225,321,193,30,214,119,134,76,394,150,226
2022-04-25,2022-03-31,2022-04-20,2022-04-10,957,Labour,119,55,65,19,44,57,81,38,0,70,25,16,8,108,11,57
2022-04-25,2022-03-31,2022-04-20,2022-04-10,957,Green Party,94,34,60,24,43,27,74,20,0,61,17,12,4,75,19,44
2022-04-25,2022-03-31,2022-04-20,2022-04-10,957,Workers Party,0,0,0,0,0,0,0,0,0,0,0,0,0,0,0,0
2022-04-25,2022-03-31,2022-04-20,2022-04-10,957,Sinn Féin,722,388,334,226,306,190,257,438,27,181,181,241,119,452,270,326
2022-04-25,2022-03-31,2022-04-20,2022-04-10,957,Socialist Party,9,0,9,0,5,4,9,0,0,9,0,0,0,9,0,0
2022-04-25,2022-03-31,2022-04-20,2022-04-10,957,Solidarity/PBP,30,3,27,0,18,12,24,6,0,21,4,0,6,24,6,16
2022-04-25,2022-03-31,2022-04-20,2022-04-10,957,RENUA,0,0,0,0,0,0,0,0,0,0,0,0,0,0,0,0
2022-04-25,2022-03-31,2022-04-20,2022-04-10,957,Social Democrats,37,11,26,4,18,16,29,8,0,14,7,4,11,26,11,26
2022-04-25,2022-03-31,2022-04-20,2022-04-10,957,Independent Alliance,0,0,0,0,0,0,0,0,0,0,0,0,0,0,0,0
2022-04-25,2022-03-31,2022-04-20,2022-04-10,957,Aontú,20,18,3,0,18,3,18,3,0,12,6,0,3,15,6,20
2022-04-25,2022-03-31,2022-04-20,2022-04-10,957,Other Independent Candidate,165,79,86,33,73,59,63,94,9,39,47,53,27,84,82,111
2022-05-15,2022-04-28,2022-05-10,2022-05-04,908,Fianna Fáil,553,281,272,81,146,326,218,277,58,100,155,221,77,298,255,213
2022-05-15,2022-04-28,2022-05-10,2022-05-04,908,Fine Gael,431,223,208,83,108,240,222,152,57,166,150,59,56,258,174,184
2022-05-15,2022-04-28,2022-05-10,2022-05-04,908,Labour,122,54,68,19,48,56,68,55,0,70,32,15,6,102,20,54
2022-05-15,2022-04-28,2022-05-10,2022-05-04,908,Green Party,56,26,30,25,29,2,49,6,0,35,8,8,4,44,12,20
2022-05-15,2022-04-28,2022-05-10,2022-05-04,908,Workers Party,0,0,0,0,0,0,0,0,0,0,0,0,0,0,0,0
2022-05-15,2022-04-28,2022-05-10,2022-05-04,908,Sinn Féin,816,409,407,214,365,238,350,427,39,210,247,211,147,530,286,377
2022-05-15,2022-04-28,2022-05-10,2022-05-04,908,Socialist Party,0,0,0,0,0,0,0,0,0,0,0,0,0,0,0,0
2022-05-15,2022-04-28,2022-05-10,2022-05-04,908,Solidarity/PBP,36,17,19,5,21,11,18,18,0,23,13,0,0,36,0,5
2022-05-15,2022-04-28,2022-05-10,2022-05-04,908,RENUA,0,0,0,0,0,0,0,0,0,0,0,0,0,0,0,0
2022-05-15,2022-04-28,2022-05-10,2022-05-04,908,Social Democrats,36,17,18,13,20,3,26,9,0,14,17,4,0,32,4,10
2022-05-15,2022-04-28,2022-05-10,2022-05-04,908,Independent Alliance,0,0,0,0,0,0,0,0,0,0,0,0,0,0,0,0
2022-05-15,2022-04-28,2022-05-10,2022-05-04,908,Aontú,12,0,12,5,0,7,5,3,5,5,0,3,5,7,5,5
2022-05-15,2022-04-28,2022-05-10,2022-05-04,908,Independents,208,113,95,25,110,74,119,69,20,24,90,74,20,99,109,121
2022-06-12,2022-05-25,2022-06-07,2022-05-31,917,Fianna Fáil,503,237,266,43,184,276,214,238,50,113,136,168,86,308,195,202
2022-06-12,2022-05-25,2022-06-07,2022-05-31,917,Fine Gael,522,269,254,94,184,245,346,130,46,202,129,95,97,356,167,205
2022-06-12,2022-05-25,2022-06-07,2022-05-31,917,Labour,109,52,57,27,20,63,73,36,0,72,23,14,0,105,4,34
2022-06-12,2022-05-25,2022-06-07,2022-05-31,917,Green Party,80,37,43,20,41,19,59,21,0,54,5,10,11,66,15,28
2022-06-12,2022-05-25,2022-06-07,2022-05-31,917,Workers Party,0,0,0,0,0,0,0,0,0,0,0,0,0,0,0,0
2022-06-12,2022-05-25,2022-06-07,2022-05-31,917,Sinn Féin,833,461,372,251,349,233,303,501,29,185,236,247,165,513,321,379
2022-06-12,2022-05-25,2022-06-07,2022-05-31,917,Socialist Party,0,0,0,0,0,0,0,0,0,0,0,0,0,0,0,0
2022-06-12,2022-05-25,2022-06-07,2022-05-31,917,Solidarity/PBP,16,11,5,11,5,0,11,5,0,12,0,0,4,16,0,0
2022-06-12,2022-05-25,2022-06-07,2022-05-31,917,RENUA,2,0,2,0,0,2,0,2,0,0,0,0,2,0,2,2
2022-06-12,2022-05-25,2022-06-07,2022-05-31,917,Social Democrats,7,0,7,0,7,0,7,0,0,0,4,0,3,7,0,0
2022-06-12,2022-05-25,2022-06-07,2022-05-31,917,Independent Alliance,0,0,0,0,0,0,0,0,0,0,0,0,0,0,0,0
2022-06-12,2022-05-25,2022-06-07,2022-05-31,917,Aontú,17,10,8,3,9,4,17,0,0,4,3,10,0,17,0,0
2022-06-12,2022-05-25,2022-06-07,2022-05-31,917,Independents,180,89,91,39,73,67,108,57,15,38,33,58,51,83,97,89
2022-07-17,2022-06-30,2022-07-12,2022-07-06,917,Fianna Fáil,471,217,254,47,141,284,219,204,48,123,130,146,72,305,166,145
2022-07-17,2022-06-30,2022-07-12,2022-07-06,917,Fine Gael,462,239,222,32,185,245,246,173,42,144,149,111,57,299,162,163
2022-07-17,2022-06-30,2022-07-12,2022-07-06,917,Labour,130,63,67,35,39,57,70,60,0,47,72,8,3,113,17,38
2022-07-17,2022-06-30,2022-07-12,2022-07-06,917,Green Party,110,61,49,42,46,23,71,39,0,61,28,15,6,80,30,61
2022-07-17,2022-06-30,2022-07-12,2022-07-06,917,Workers Party,0,0,0,0,0,0,0,0,0,0,0,0,0,0,0,0
2022-07-17,2022-06-30,2022-07-12,2022-07-06,917,Sinn Féin,796,363,432,270,320,205,382,371,43,217,191,232,157,513,283,340
2022-07-17,2022-06-30,2022-07-12,2022-07-06,917,Socialist Party,7,3,4,0,4,3,7,0,0,7,0,0,0,7,0,0
2022-07-17,2022-06-30,2022-07-12,2022-07-06,917,Solidarity/PBP,29,12,17,17,8,4,21,8,0,18,5,6,0,23,6,9
2022-07-17,2022-06-30,2022-07-12,2022-07-06,917,RENUA,3,3,0,0,3,0,3,0,0,0,3,0,0,3,0,3
2022-07-17,2022-06-30,2022-07-12,2022-07-06,917,Social Democrats,39,30,9,20,8,11,26,13,0,30,4,5,0,35,4,18
2022-07-17,2022-06-30,2022-07-12,2022-07-06,917,Independent Alliance,0,0,0,0,0,0,0,0,0,0,0,0,0,0,0,0
2022-07-17,2022-06-30,2022-07-12,2022-07-06,917,Aontú,23,15,8,0,23,0,19,4,0,5,5,5,8,15,8,13
2022-07-17,2022-06-30,2022-07-12,2022-07-06,917,Independents,167,95,72,20,52,95,80,66,21,21,47,61,38,75,92,88
2022-09-11,2022-08-25,2022-09-06,2022-08-31,905,Fianna Fáil,490,231,259,50,175,266,239,219,32,114,120,188,68,324,166,198
2022-09-11,2022-08-25,2022-09-06,2022-08-31,905,Fine Gael,408,203,205,64,147,197,242,126,40,134,139,72,63,279,129,165
2022-09-11,2022-08-25,2022-09-06,2022-08-31,905,Labour,73,43,30,15,30,28,46,22,6,46,NA,20,8,56,18,18
2022-09-11,2022-08-25,2022-09-06,2022-08-31,905,Green Party,100,30,69,26,57,17,76,24,0,74,14,3,9,91,9,33
2022-09-11,2022-08-25,2022-09-06,2022-08-31,905,Workers Party,0,0,0,0,0,0,0,0,0,0,0,0,0,0,0,0
2022-09-11,2022-08-25,2022-09-06,2022-08-31,905,Sinn Féin,717,387,330,180,294,243,260,437,21,163,203,231,120,436,281,314
2022-09-11,2022-08-25,2022-09-06,2022-08-31,905,Socialist Party,0,0,0,0,0,0,0,0,0,0,0,0,0,0,0,0
2022-09-11,2022-08-25,2022-09-06,2022-08-31,905,Solidarity/PBP,35,18,17,13,14,8,35,0,0,25,5,5,0,35,0,9
2022-09-11,2022-08-25,2022-09-06,2022-08-31,905,RENUA,8,8,0,0,5,3,8,0,0,3,5,5,0,8,0,0
2022-09-11,2022-08-25,2022-09-06,2022-08-31,905,Social Democrats,53,42,11,11,23,19,35,18,0,42,11,11,0,53,0,7
2022-09-11,2022-08-25,2022-09-06,2022-08-31,905,Independent Alliance,0,0,0,0,0,0,0,0,0,0,0,0,0,0,0,0
2022-09-11,2022-08-25,2022-09-06,2022-08-31,905,Aontú,0,0,0,0,0,0,0,0,0,0,0,0,0,0,0,0
2022-09-11,2022-08-25,2022-09-06,2022-08-31,905,Independents,186,114,72,32,49,105,66,109,11,45,40,67,33,107,79,73
2022-10-16,2022-09-29,2022-10-11,2022-10-05,938,Fianna Fáil,506,297,208,52,174,280,202,241,62,72,138,186,110,305,201,152
2022-10-16,2022-09-29,2022-10-11,2022-10-05,938,Fine Gael,482,219,263,79,167,236,256,191,35,198,134,76,73,333,149,208
2022-10-16,2022-09-29,2022-10-11,2022-10-05,938,Labour,132,82,50,36,55,42,95,37,0,82,30,10,11,120,12,53
2022-10-16,2022-09-29,2022-10-11,2022-10-05,938,Green Party,87,45,42,30,36,21,63,24,0,56,17,0,14,64,22,23
2022-10-16,2022-09-29,2022-10-11,2022-10-05,938,Workers Party,0,0,0,0,0,0,0,0,0,NA,0,0,0,0,0,0
2022-10-16,2022-09-29,2022-10-11,2022-10-05,938,Sinn Féin,760,378,382,209,288,263,309,423,28,154,191,262,153,473,288,370
2022-10-16,2022-09-29,2022-10-11,2022-10-05,938,Socialist Party,0,0,0,0,0,0,0,0,0,0,0,0,0,0,0,0
2022-10-16,2022-09-29,2022-10-11,2022-10-05,938,Solidarity/PBP,54,27,27,17,27,10,35,20,0,49,6,0,0,54,0,9
2022-10-16,2022-09-29,2022-10-11,2022-10-05,938,RENUA,0,0,0,0,0,0,0,0,0,0,0,0,0,0,0,0
2022-10-16,2022-09-29,2022-10-11,2022-10-05,938,Social Democrats,39,18,20,14,11,14,30,9,0,16,11,7,5,32,7,24
2022-10-16,2022-09-29,2022-10-11,2022-10-05,938,Independent Alliance,0,0,0,0,0,0,0,0,0,0,0,0,0,0,0,0
2022-10-16,2022-09-29,2022-10-11,2022-10-05,938,Aontú,4,4,0,0,0,4,0,4,0,0,0,0,4,4,0,4
2022-10-16,2022-09-29,2022-10-11,2022-10-05,938,Independents,196,81,115,33,85,78,88,91,17,44,30,68,54,103,93,80
